region_id,Rejections,Total Voters
1,89,28388
2,648,122542
3,102,9919
4,30,9278
5,200,28138
6,4,4144
7,13,8530
8,299,48819
9,43,14380
10,49,13030
11,41,19824
12,8,6692
13,51,11993
14,4,6759
15,6,7860
16,73,22367
17,91,27239
18,29,6105
19,9,5276
20,42,17165
21,24,6516
22,62,43311
23,15,19207
24,24,15631
25,82,29756
26,72,41729
27,68,15009
28,502,46281
29,13,8417
30,6,12159
31,12,12444
32,0,4056
33,11,7298
34,29,9355
35,101,44554
36,22,23650
37,1715,299855
38,6,6923
39,154,43816
40,26,16173
41,144,73353
42,233,53500
43,10,5708
44,63,7876
45,229,197868
46,60,9719
47,8,13587
48,149,40499
49,1424,176019
50,30,9860
51,461,90268
52,156,53721
53,0,4477
54,3,8929
55,35,13292
56,6,11128
57,12,20794
58,75,43621
59,0,114957
60,11,5330
61,146,33329
62,28,20127
63,306,85509
64,75,29888
65,33,8489
66,30,5287
67,19,11188
68,1420,340981
69,2042,32685
70,1009,59501
71,1357,70993
72,270,27979
73,44,15327
74,96,3341
75,102,7700
76,32879,2078460
77,1038,111355
78,927,51386
79,12636,568431
80,3149,211594
81,595,19428
82,1447,150885
83,2152,68910
84,20,5577
85,15,7054
86,52,21050
87,1129,129545
88,65,17220
89,5,3225
90,22,2104
91,190,11583
92,17,3522
93,6,7696
94,74,4899
95,60,12803
96,0,3386
97,35,8017
98,182,8594
99,562,37455
100,197,23934
101,196,14797
102,82,6660
103,0,2333
104,0,0
105,7,6384
106,316,54764
107,79,6858
108,21,5075
109,149,42538
110,4,8118
111,202,15879
112,84,6141
113,112,12326
114,0,4490
115,67,14090
116,0,5964
117,26,4811
118,32,21695
119,67,9094
120,14,2346
121,8,5745
122,5,0
123,29,3387
124,10,4927
125,153,8234
126,107,30731
127,20,7546
128,2,7920
129,1,15842
130,10,10774
131,1,2446
132,5,3718
133,6,2921
134,0,2943
135,9,6181
136,15,4597
137,4,4964
138,12,4371
139,113,7116
140,119,8324
141,185,24311
142,15,3216
143,1332,155292
144,47,6655
145,14,5897
146,207,0
147,23,3376
148,0,3899
149,317,45688
150,12,4741
151,4,7474
152,47,6060
153,24,15524
154,27,7697
155,832,97917
156,182,31027
157,17,2327
158,27,6463
159,6,749
160,39,22739
161,1366,96106
162,127,7193
163,5474,539459
164,222,10647
165,2341,114003
166,3919,329272
167,127,10553
168,514,65187
169,1151,53929
170,13,9096
171,2983,286452
172,569,42016
173,444,27107
174,92,11496
175,32363,3806684
176,346,55422
177,1809,146850
178,101,9613
179,168,39837
180,1155,87432
181,111,4068
182,70,6168
183,1174,148916
184,482,66630
185,452,63240
186,19110,1417284
187,1676,239402
188,80,10186
189,13209,959098
190,4741,668416
191,622,28018
192,12982,770726
193,13548,1503018
194,3375,411691
195,4126,267627
196,1685,153424
197,2511,336922
198,2460,187876
199,6371,766370
200,670,136505
201,586,89686
202,19,1780
203,178,21803
204,959,192397
205,1735,258450
206,2708,200183
207,111,39867
208,432,26806
209,161,5755
210,1375,139780
211,211,29237
212,4131,394294
213,1532,94502
214,482,30443
215,6411,695036
216,226,26884
217,4696,236377
218,89,7674
219,4309,330977
220,106,9489
221,13,2034
222,22,2221
223,3992,198885
224,442,47545
225,57,14628
226,5,1064
227,70,6181
228,17,4196
229,21,2149
230,5,1729
231,11,3932
232,313,19744
233,6114,369373
234,50,1429
235,2690,248052
236,493,28226
237,163,20658
238,5421,387493
239,178,25831
240,380,30769
241,49,4187
242,71,10064
243,67,11126
244,2,618
245,27,4511
246,0,845
247,2914,367416
248,0,868
249,41,3739
250,41,3973
251,273,36175
252,2319,229064
253,77,7868
254,19,2597
255,140,10274
256,2039,92921
257,5,766
258,111,6731
259,460,15326
260,207,25994
261,198,13603
262,42,9035
263,34,4157
264,207,12219
265,9,2384
266,216,11349
267,20,5209
268,1143,86126
269,46,3732
270,19,6286
271,193,16632
272,39,3446
273,3,597
274,97,4870
275,12,1371
276,163,17818
277,253,16578
278,25,2838
279,2727,182066
280,35,4719
281,3,11116
282,112,38093
283,13,10771
284,71,31188
285,11,12674
286,3,4965
287,24,35380
288,53,34972
289,12,11620
290,20,12148
291,4,8366
292,27,17631
293,84,42844
294,9,5785
295,67,15736
296,39,23987
297,0,2298
298,77,57699
299,19,27261
300,68,21903
301,12,6300
302,31,16826
303,12,11119
304,14,11808
305,21,12623
306,77,12458
307,25,29038
308,8,6415
309,7,6776
310,0,3249
311,52,36318
312,1,9738
313,26,20630
314,41,15574
315,22,21760
316,10,7458
317,49,29053
318,0,1322
319,337,26845
320,4,4075
321,21,22416
322,41,17132
323,17,9642
324,16,10595
325,17,16193
326,16,26668
327,11,14860
328,3,8749
329,34,35963
330,3,15876
331,8,16945
332,30,6794
333,8,2410
334,1,2387
335,12,1206
336,0,661
337,3,981
338,3,1052
339,4,2131
340,1,3842
341,3,1902
342,19,5432
343,3,1502
344,5,4570
345,13,15996
346,3,1024
347,6,1715
348,6,6562
349,3,1551
350,32,2561
351,8,1578
352,0,4497
353,0,16127
354,0,972
355,5,2269
356,6,12731
357,7,5410
358,6,6527
359,4,2959
360,3,10289
361,23,9353
362,1,2911
363,3,4823
364,0,7019
365,2,9272
366,12,4586
367,4,5665
368,4,4435
369,6,2856
370,27,22313
371,14,7291
372,4,6093
373,4,4247
374,116,8503
375,6,3845
376,4,3604
377,15,17790
378,0,20206
379,3,5381
380,0,17961
381,26,14684
382,32,28457
383,27,12288
384,11,24069
385,11,5209
386,46,32067
387,11,14249
388,41,38138
389,3,8535
390,17,15078
391,2,8979
392,11,8685
393,6,6049
394,2,9198
395,9,12946
396,13,25103
397,61,34020
398,16,20832
399,8,9719
400,10,5485
401,1,1613
402,5,12109
403,18,14116
404,1,1235
405,8,6296
406,2,17298
407,6,4510
408,7,8454
409,2,2417
410,2,1678
411,10,8988
412,12,9036
413,1,3427
414,0,15159
415,10,5357
416,0,2863
417,3,2700
418,0,1540
419,12,12051
420,0,1547
421,7,12262
422,0,2118
423,2,3199
424,5,3563
425,4,7647
426,7,9686
427,3,6333
428,10,9393
429,2,5865
430,10,6577
431,5,9339
432,0,569
433,6,15129
434,12,3181
435,1,2559
436,2,4424
437,1,3128
438,2,1561
439,0,1073
440,1,1118
441,3,8437
442,0,7287
443,8,2516
444,6,4487
445,0,962
446,0,2030
447,3,5245
448,10,8147
449,11,219
450,588,88601
451,970,278078
452,550,147688
453,2091,328871
454,529,138262
455,5,15054
456,525,98671
457,32,14017
458,1365,365645
459,4926,882481
460,4,6474
461,522,124838
462,567,98995
463,505,129755
464,756,219045
465,80,33873
466,9,12605
467,7,8195
468,2467,476113
469,930,164193
470,346,80719
471,0,6828
472,26,22047
473,12,10765
474,4,5335
475,32,8789
476,29,5789
477,26,8319
478,23,13557
479,658,111628
480,139,52301
481,3087,679041
482,24,9168
483,90,100165
484,65,22246
485,3,8579
486,13,3785
487,577,228723
488,1337,396903
489,927,157430
490,106,24566
491,2,3515
492,17,9235
493,666,231144
494,453,215799
495,343,99465
496,4435,1098432
497,202,44791
498,279,66247
499,691,114820
500,34,16158
501,1371,613491
502,524,174394
503,1740,753459
504,959,321334
505,1207,522789
506,1358,352190
507,108,36530
508,692,199746
509,550,186868
510,1000,113374
511,712,281052
512,587,256630
513,115,106259
514,33,22062
515,32,10058
516,6,6272
517,1200,315395
518,64,20018
519,286,50038
520,30,12661
521,0,8373
522,2,3067
523,2,4862
524,0,1486
525,1,18966
526,3,10568
527,12,44232
528,47,57892
529,11,6556
530,7,8092
531,120,69808
532,2,6081
533,4,8521
534,10,7251
535,61,24818
536,55,32871
537,10,11159
538,9,13108
539,1,2065
540,28,26597
541,1,4594
542,47,60877
543,24,35236
544,7,4651
545,410,142422
546,0,1702
547,9,10758
548,164,163446
549,37,53481
550,2,1448
551,418,113173
552,0,2924
553,738,406257
554,18,15811
555,11,16684
556,125,86605
557,0,7398
558,107,86576
559,8,6374
560,3,8166
561,23,8258
562,7,19667
563,18,11617
564,965,370440
565,0,8379
566,0,4211
567,94,34204
568,128,71475
569,2,4899
570,0,1440
571,42,36382
572,14,9639
573,19,9673
574,4,4271
575,19,16195
576,136,75498
577,33,45077
578,210,139269
579,0,12212
580,2464,541644
581,8,18613
582,1,1682
583,72,44219
584,21,27760
585,1,10768
586,12,12902
587,1182,425301
588,16,23408
589,85,102751
590,7,4286
591,5,16424
592,23,22500
593,9,14450
594,4,6234
595,248,130409
596,88,82121
597,1,4367
598,69,47540
599,9,9161
600,2,5885
601,10,7534
602,4,3439
603,0,3996
604,2,16181
605,2,10454
606,6,3753
607,6,23468
608,17,17799
609,28,23257
610,16,4951
611,17,7099
612,587,48108
613,14,17906
614,0,10600
615,2,7454
616,0,4713
617,20,16890
618,0,3650
619,24,11868
620,1,2746
621,2,8928
622,6,17790
623,1,4001
624,10,13280
625,0,17543
626,160,81218
627,59,59591
628,25,27666
629,18,8874
630,72,95912
631,6,13557
632,4,21026
633,2,9798
634,6,12598
635,14,19274
636,2,4359
637,9,12960
638,5,1150
639,6,10525
640,0,3009
641,165,84396
642,53,45689
643,0,2434
644,4,6964
645,15,4026
646,17,33288
647,20,13193
648,0,2033
649,25,12175
650,1,3407
651,1,895
652,7,8563
653,0,4002
654,0,4232
655,2,4364
656,1,22226
657,4,17087
658,17,10992
659,4,8896
660,3,3135
661,32,31500
662,9,3858
663,1,4480
664,13,18016
665,19,13723
666,17,32343
667,72,58738
668,5,14492
669,1,2606
670,15,9551
671,3,13613
672,0,1339
673,0,2287
674,19,16928
675,21,40124
676,3,3364
677,6,5137
678,7,4940
679,5,9352
680,735,83686
681,2270,344411
682,0,0
683,221,30566
684,946,63573
685,844,271186
686,1,2724
687,105,40565
688,0,3388
689,5,5225
690,7,20886
691,192,13275
692,23,4942
693,168,30115
694,12,57243
695,1,7260
696,0,1507
697,3,734
698,633,102432
699,2,3519
700,11,9647
701,0,339
702,9,4463
703,1,2680
704,11,10755
705,3,7298
706,27,6876
707,7,10729
708,7,5976
709,14,9998
710,17,16016
711,19,8048
712,218,97711
713,107,20832
714,10,4926
715,1,1867
716,3,1939
717,9,17676
718,1,8031
719,29,20383
720,2,2476
721,10,4978
722,52,11894
723,7,3062
724,14,6214
725,28,6793
726,72,37888
727,5,7356
728,13,5617
729,51,32031
730,1,2291
731,0,8087
732,53,24421
733,0,2487
734,0,16197
735,6,2704
736,5,7922
737,0,5286
738,171,91038
739,0,10767
740,5,8261
741,3,6807
742,43,19425
743,0,21733
744,2494,1112978
745,0,9027
746,7,5810
747,197,47842
748,0,8088
749,2,8493
750,940,464364
751,0,7991
752,3,3310
753,21,19266
754,18,9861
755,0,6615
756,11,13878
757,1,16325
758,0,2570
759,1,6127
760,13,26815
761,11,4234
762,263,37771
763,9,9166
764,0,1954
765,0,3494
766,117,25346
767,40,13428
768,10,22693
769,2,5468
770,35,16798
771,14,11792
772,7,12319
773,0,6164
774,316,224640
775,36,48173
776,629,66808
777,1,10741
778,1802,315616
779,52,53072
780,0,6159
781,0,16290
782,14,16736
783,5,10711
784,1,12181
785,387,163920
786,41,51973
787,42,45791
788,33,23647
789,529,134246
790,11,16895
791,0,6191
792,6,6445
793,0,6724
794,21,6633
795,20,8422
796,83,21117
797,2,13350
798,0,14820
799,11,6586
800,4139,1018359
801,27,26097
802,504,80332
803,0,9329
804,5,9612
805,6,7580
806,1,2151
807,0,2275
808,0,3389
809,16,14476
810,1,7604
811,251,64046
812,4672,114629
813,19,10714
814,96,100675
815,4,3794
816,0,2603
817,0,11775
818,3,2782
819,22,21227
820,26,68117
821,0,8333
822,12,20819
823,6,5423
824,59,9000
825,0,7517
826,6,7667
827,10,8316
828,2,7099
829,11,26724
830,1530,331367
831,71,33346
832,275,70393
833,6,21435
834,41,6717
835,9,11731
836,235,52363
837,48,14037
838,406,165941
839,72,35971
840,6,4001
841,10,5200
842,64,40986
843,55,9205
844,12,9482
845,8,14320
846,12,59403
847,12,12163
848,26,12675
849,7,5064
850,2,11556
851,51,27017
852,1,12220
853,5,20071
854,26,46609
855,21,21700
856,143,71415
857,5,9951
858,51,41948
859,22,8076
860,0,12209
861,5,8968
862,44,15980
863,61,25515
864,38,14839
865,575,201131
866,83,44852
867,127,20748
868,417,85111
869,22,20788
870,74,38795
871,5,17878
872,16,18729
873,8,16060
874,7,8231
875,9,14554
876,8,11986
877,126,79163
878,28,15286
879,33,35601
880,14,10577
881,378,213313
882,119,48138
883,55,21489
884,228,56614
885,2389,360312
886,34,19712
887,19,5072
888,9,14185
889,378,60210
890,8,16800
891,23,35686
892,7,6683
893,2,19297
894,6,3103
895,9,8749
896,40,10008
897,5,6735
898,11,8812
899,58,6057
900,58,86852
901,24,13123
902,13,5801
903,10,16883
904,30,10708
905,10,14548
906,1,7727
907,193,113436
908,198,10318
909,13,20064
910,4,10675
911,15,10615
912,59,16713
913,1,8898
914,0,4313
915,173,68455
916,1,8088
917,11,3532
918,204,75252
919,0,7350
920,74,41228
921,33,14088
922,1,4407
923,55,33609
924,15,12859
925,24,26944
926,15,14202
927,5,11236
928,9,17928
929,1,4104
930,1,2153
931,1,7410
932,16,6535
933,0,3286
934,5,14593
935,45,63279
936,3,15520
937,9,14673
938,9,10856
939,9,7593
940,7,8102
941,7,5121
942,12,11209
943,4,7292
944,18,10709
945,22,23152
946,0,6143
947,6,6277
948,4,4552
949,13,8609
950,18,9461
951,8,24026
952,23,6605
953,85,63330
954,6,3970
955,8,3754
956,19,10211
957,8,19171
958,11,11319
959,25,53057
960,9,4831
961,5,9928
962,3,7704
963,8,4947
964,6,3814
965,6,4968
966,10,7202
967,9,6606
968,10,7643
969,4,5979
970,33,8538
971,2,8015
972,2,9673
973,3,4884
974,1,5135
975,2,3671
976,8,9704
977,9,10849
978,14,20306
979,10,8454
980,151,87107
981,6,11054
982,1,5182
983,8,8450
984,16,16311
985,152,123750
986,3,5178
987,0,4676
988,5,7046
989,23,10117
990,20,11017
991,18,19661
992,21,17406
993,3,8329
994,2,5796
995,8,4669
996,2,4185
997,4,5105
998,35,19873
999,3,7569
1000,3,3245
1001,9,7419
1002,3,5013
1003,25,14084
1004,4,3600
1005,180,258067
1006,47,44766
1007,8,10069
1008,1,2711
1009,6,5498
1010,134,90612
1011,5,6543
1012,30,19120
1013,63,49818
1014,0,8685
1015,13,3102
1016,4,6041
1017,1,3655
1018,24,14697
1019,49,33123
1020,13,11673
1021,3,3162
1022,10,16825
1023,3,5668
1024,3,12079
1025,40,43247
1026,0,4313
1027,13,5772
1028,81,5648
1029,52,3843
1030,69,7400
1031,16,2184
1032,38,10684
1033,93,6588
1034,59,4301
1035,468,32547
1036,14,1475
1037,16,1543
1038,91,8785
1039,8,1448
1040,14,1016
1041,51,4145
1042,57,4086
1043,37,4421
1044,9,855
1045,246,13704
1046,142,16536
1047,28,1474
1048,146,9214
1049,74,3614
1050,761,59054
1051,21,1286
1052,22,1356
1053,83,13634
1054,31,2796
1055,276,10888
1056,178,8304
1057,210,12825
1058,385,9232
1059,17,1418
1060,4,1306
1061,49,2245
1062,10,2217
1063,4,598
1064,41,2917
1065,17,828
1066,44,2585
1067,247,16273
1068,35,1326
1069,22,969
1070,109,6596
1071,161,10047
1072,10,1587
1073,3296,348594
1074,9,1315
1075,48,3778
1076,9,1120
1077,105,8003
1078,22,875
1079,434,36917
1080,22,1513
1081,67,5045
1082,19,1428
1083,183,13391
1084,163,14228
1085,85,5968
1086,70,5022
1087,18,1714
1088,293,18824
1089,30,3189
1090,159,12030
1091,42,2831
1092,15,1065
1093,21,5702
1094,109,6835
1095,14,1381
1096,18,2296
1097,2,7812
1098,19,1789
1099,25,3026
1100,21,2690
1101,38,2758
1102,224,13673
1103,19,4113
1104,5,1421
1105,291,27178
1106,17,2448
1107,19,4015
1108,707,24670
1109,40,2492
1110,13,1626
1111,39,3350
1112,212,23468
1113,21,2155
1114,2377,216621
1115,92,4598
1116,821,82702
1117,10,1386
1118,6,2616
1119,15,2005
1120,13,1939
1121,6,671
1122,25,1843
1123,165,10621
1124,52,3691
1125,6,1607
1126,50,3888
1127,1,751
1128,24,2732
1129,10,868
1130,131,3468
1131,10,1445
1132,1360,51104
1133,7,9051
1134,57,9455
1135,17,13198
1136,0,4109
1137,73,19973
1138,1,5441
1139,18,9422
1140,79,67907
1141,7,9598
1142,50,21157
1143,3,14508
1144,5,4179
1145,0,5163
1146,25,10129
1147,81,43441
1148,0,6001
1149,0,6229
1150,56,17094
1151,131,48784
1152,0,2630
1153,13,4059
1154,24,11514
1155,0,7086
1156,69,21802
1157,46,18040
1158,2,7578
1159,0,4942
1160,23,4040
1161,5,3472
1162,179,47449
1163,9,6303
1164,0,2930
1165,0,6345
1166,551,145712
1167,13,7087
1168,9,15761
1169,48,26023
1170,1,2168
1171,7,3938
1172,5,8984
1173,15,11505
1174,36,16812
1175,17,12194
1176,0,5886
1177,33,17505
1178,0,4662
1179,103,48421
1180,2,10460
1181,0,9086
1182,4,8473
1183,56,19842
1184,9,8128
1185,0,2080
1186,27,20685
1187,0,5993
1188,599,350544
1189,52,27019
1190,14,9704
1191,105,81732
1192,1,6076
1193,3,13211
1194,18,7308
1195,102,28075
1196,15,6626
1197,0,2709
1198,8,4385
1199,0,8529
1200,4,5758
1201,3,11102
1202,1,5009
1203,14,12596
1204,20,4227
1205,157,32221
1206,10,6250
1207,4,4670
1208,110,45669
1209,3,5333
1210,6,9156
1211,32,17740
1212,0,3682
1213,12,7973
1214,6,14221
1215,1,3345
1216,26,11944
1217,6,5184
1218,15,5352
1219,45,12905
1220,0,5464
1221,49,13804
1222,46,23001
1223,7,3337
1224,14,11015
1225,165,38629
1226,3,5538
1227,2,1843
1228,5,6924
1229,5,10112
1230,64,24177
1231,24,5410
1232,2,32258
1233,3,1150
1234,16,7793
1235,18,9954
1236,0,8989
1237,61,30060
1238,138,24856
1239,12,8826
1240,17,11572
1241,16,12379
1242,17,5160
1243,0,7248
1244,5,4281
1245,8,6102
1246,97,57439
1247,15,6382
1248,0,8796
1249,6,5621
1250,9,15158
1251,4,2951
1252,81,15172
1253,11,26855
1254,14,8804
1255,126,62852
1256,8,10432
1257,37,16212
1258,13,15952
1259,16,6298
1260,197,52549
1261,410,95397
1262,120,81610
1263,8,4366
1264,17,3376
1265,3,4367
1266,1,5850
1267,10,7829
1268,70,13995
1269,994,192797
1270,1,2325
1271,14,10032
1272,20,14279
1273,16,8854
1274,4,9063
1275,57,29538
1276,21,15530
1277,10,7272
1278,877,179437
1279,16,14436
1280,194,111714
1281,56,43074
1282,7,6654
1283,140,18251
1284,86,66257
1285,9,4033
1286,11,10178
1287,29,15164
1288,1408,160672
1289,145,64825
1290,5,9988
1291,13,11678
1292,99,53834
1293,1,3790
1294,13,9276
1295,8,10230
1296,38,17389
1297,41,26820
1298,3,5819
1299,11,11894
1300,33,18923
1301,39,37337
1302,32,25175
1303,18,21088
1304,286,139162
1305,270,55580
1306,0,2153
1307,65,41570
1308,3,10561
1309,33,26583
1310,26,16213
1311,25,18575
1312,46,16385
1313,11,13935
1314,6,4639
1315,10,6039
1316,13,5823
1317,12,6589
1318,5,12531
1319,0,3005
1320,5,2696
1321,0,1451
1322,12,16850
1323,1,5194
1324,0,1441
1325,2,1442
1326,1,1817
1327,0,1867
1328,1,3600
1329,0,3063
1330,1,3671
1331,0,987
1332,0,154
1333,0,160
1334,1,681
1335,0,428
1336,0,309
1337,2,4017
1338,1,242
1339,0,126
1340,1,274
1341,0,0
1342,0,160
1343,0,59
1344,0,152
1345,0,489
1346,1,718
1347,1,1696
1348,1,2231
1349,0,625
1350,0,56
1351,0,4
1352,0,237
1353,0,110
1354,0,55
1355,0,67
1356,0,42
1357,0,859
1358,0,2730
1359,0,446
1360,0,756
1361,0,542
1362,0,545
1363,0,257
1364,0,42
1365,1,2151
1366,1,1195
1367,0,750
1368,0,172
1369,0,141
1370,0,423
1371,0,26
1372,0,0
1373,0,339
1374,0,361
1375,0,347
1376,3,426
1377,0,85
1378,0,0
1379,0,242
1380,0,294
1381,1,4197
1382,0,87
1383,0,641
1384,0,233
1385,0,154
1386,0,492
1387,0,175
1388,0,114
1389,0,155
1390,0,914
1391,0,174
1392,0,317
1393,0,799
1394,0,278
1395,0,63
1396,0,212
1397,0,149
1398,0,700
1399,0,1066
1400,0,3618
1401,5,14641
1402,17,6933
1403,1,2329
1404,24,6130
1405,1,9044
1406,0,6283
1407,1,49
1408,3,11560
1409,4,5650
1410,0,3921
1411,1,1703
1412,1,202
1413,0,2592
1414,0,3799
1415,0,3093
1416,8,39834
1417,0,1266
1418,2,3277
1419,3,15623
1420,1,1321
1421,11,16011
1422,2,6355
1423,4,10814
1424,0,11595
1425,5,6299
1426,0,289
1427,2,553
1428,1,338
1429,1,846
1430,0,125
1431,0,242
1432,0,522
1433,0,4020
1434,0,522
1435,0,2707
1436,0,886
1437,0,1001
1438,0,472
1439,0,688
1440,2,889
1441,0,158
1442,0,118
1443,0,857
1444,0,335
1445,0,334
1446,3,2217
1447,0,211
1448,0,76
1449,12,3658
1450,3,2068
1451,0,654
1452,0,690
1453,2,2955
1454,0,552
1455,0,131
1456,0,1200
1457,0,1361
1458,1,259
1459,2,5031
1460,0,979
1461,0,31
1462,1,1162
1463,0,44
1464,0,1518
1465,0,1240
1466,0,342
1467,0,1412
1468,0,1559
1469,0,49
1470,0,508
1471,1,846
1472,0,878
1473,0,199
1474,0,1148
1475,1,647
1476,0,767
1477,0,1168
1478,1,294
1479,0,1060
1480,0,1030
1481,1,368
1482,0,257
1483,0,332
1484,0,1286
1485,5,10112
1486,2,2281
1487,0,1586
1488,3,1610
1489,1,2656
1490,1,1798
1491,0,1855
1492,0,881
1493,9,3387
1494,3,1833
1495,2,2329
1496,1,1719
1497,0,2640
1498,4,1194
1499,3,3761
1500,1,1848
1501,0,1034
1502,0,1838
1503,2,729
1504,2,3193
1505,2,2707
1506,0,440
1507,4,7514
1508,0,878
1509,0,2502
1510,0,1587
1511,2,4750
1512,12,3953
1513,1,934
1514,11,3687
1515,3,1042
1516,0,848
1517,2,1148
1518,0,64
1519,0,48
1520,0,307
1521,2,1118
1522,3,3942
1523,1,2542
1524,4,1847
1525,3,1080
1526,0,1624
1527,1,1685
1528,0,827
1529,0,2423
1530,1,1052
1531,0,541
1532,0,2227
1533,1,1422
1534,0,611
1535,1,2193
1536,1,1517
1537,0,1236
1538,0,889
1539,2,1787
1540,0,65
1541,1,1392
1542,1,1368
1543,0,366
1544,0,736
1545,0,472
1546,0,3059
1547,0,568
1548,1,1497
1549,5,2384
1550,0,539
1551,0,1833
1552,0,1041
1553,0,1256
1554,0,106
1555,0,571
1556,0,838
1557,0,1335
1558,1,2084
1559,0,133
1560,0,610
1561,0,204
1562,0,748
1563,0,810
1564,0,1002
1565,0,58
1566,0,851
1567,0,0
1568,0,1287
1569,0,277
1570,1,3080
1571,2,1246
1572,0,2474
1573,1,2974
1574,0,900
1575,1,948
1576,1,262
1577,1,2788
1578,0,202
1579,0,254
1580,1,613
1581,0,287
1582,0,57
1583,0,1057
1584,0,1044
1585,0,950
1586,0,544
1587,29,16098
1588,0,723
1589,0,956
1590,5,5377
1591,0,257
1592,0,1847
1593,0,86
1594,0,799
1595,0,374
1596,0,544
1597,0,1242
1598,1,1612
1599,0,2015
1600,0,760
1601,0,17
1602,0,924
1603,0,1501
1604,0,124
1605,0,912
1606,0,731
1607,1,562
1608,0,647
1609,0,2910
1610,0,750
1611,2,5141
1612,2,4156
1613,1,2147
1614,0,691
1615,1,877
1616,1,806
1617,0,77
1618,0,356
1619,0,84
1620,1,548
1621,0,1775
1622,2,2828
1623,0,272
1624,0,430
1625,0,74
1626,0,746
1627,0,1907
1628,0,2684
1629,0,155
1630,0,1070
1631,0,1874
1632,11,6316
1633,1,5471
1634,0,2674
1635,0,244
1636,0,514
1637,0,327
1638,0,783
1639,0,103
1640,0,27
1641,0,188
1642,0,381
1643,2,810
1644,0,1196
1645,0,43
1646,0,212
1647,0,148
1648,0,409
1649,0,117
1650,0,128
1651,0,810
1652,1,2449
1653,0,1205
1654,0,800
1655,0,0
1656,0,141
1657,0,183
1658,3,1286
1659,0,525
1660,0,492
1661,7,769
1662,0,601
1663,0,168
1664,0,144
1665,0,96
1666,0,361
1667,3,5265
1668,0,1973
1669,0,2106
1670,0,874
1671,0,1643
1672,5,2190
1673,1,6669
1674,0,1446
1675,2,2283
1676,0,1317
1677,0,547
1678,1,575
1679,0,43
1680,0,255
1681,1,1236
1682,0,62
1683,0,841
1684,0,27
1685,1,502
1686,2,668
1687,4,3477
1688,0,515
1689,0,986
1690,0,112
1691,0,542
1692,1,2472
1693,0,506
1694,0,127
1695,0,294
1696,0,550
1697,0,1941
1698,1,1184
1699,5,2080
1700,0,51
1701,0,318
1702,3,1233
1703,4,4331
1704,0,641
1705,0,631
1706,0,415
1707,0,40
1708,0,50
1709,6,4257
1710,1,619
1711,0,627
1712,1,677
1713,0,714
1714,0,489
1715,0,462
1716,0,356
1717,0,489
1718,0,636
1719,1,1782
1720,0,622
1721,0,692
1722,0,634
1723,2,1139
1724,0,1063
1725,0,454
1726,1,976
1727,3,1726
1728,1,1173
1729,0,903
1730,0,467
1731,0,585
1732,1,972
1733,2,516
1734,3,2406
1735,0,0
1736,1,756
1737,0,345
1738,0,701
1739,0,135
1740,0,291
1741,0,70
1742,0,1508
1743,0,228
1744,0,684
1745,0,244
1746,0,361
1747,0,113
1748,0,75
1749,0,343
1750,0,428
1751,0,43
1752,0,337
1753,3,855
1754,0,843
1755,0,124
1756,0,559
1757,0,356
1758,0,777
1759,0,916
1760,0,968
1761,0,588
1762,0,342
1763,0,105
1764,1,793
1765,0,135
1766,0,252
1767,1,506
1768,0,515
1769,0,495
1770,0,370
1771,0,213
1772,1,746
1773,0,37
1774,1,124
1775,0,88
1776,0,51
1777,0,107
1778,0,388
1779,0,118
1780,3,1763
1781,2,2076
1782,3,2917
1783,5,4713
1784,1,11541
1785,3,5336
1786,0,980
1787,0,1480
1788,4,4704
1789,5,3136
1790,0,8525
1791,0,2816
1792,4,6588
1793,8,3623
1794,0,2070
1795,0,2465
1796,0,3109
1797,0,1053
1798,5,3282
1799,1,1115
1800,5,4145
1801,0,1182
1802,4,12957
1803,1,11213
1804,4,1897
1805,4,4744
1806,1,4751
1807,18,8531
1808,12,9680
1809,0,345
1810,0,323
1811,0,0
1812,0,280
1813,0,231
1814,36,32356
1815,398,311741
1816,829,413582
1817,53,54144
1818,10,16220
1819,83,102920
1820,35,52695
1821,117,81871
1822,20,16796
1823,261,156125
1824,10,15850
1825,170,150083
1826,258,182472
1827,20,11152
1828,2084,518987
1829,1744,403275
1830,23,32392
1831,51,58753
1832,21,10123
1833,72,22851
1834,77,73154
1835,30,46770
1836,28,32898
1837,1100,231603
1838,85,27997
1839,50,12272
1840,6,7349
1841,15,4901
1842,31,10316
1843,14,4164
1844,64,22252
1845,34,9365
1846,142,10498
1847,12,4822
1848,8,2671
1849,21,13770
1850,0,1840
1851,11,2517
1852,68,15507
1853,16,4395
1854,1,326
1855,0,1247
1856,6,1954
1857,2,980
1858,1,3684
1859,1,956
1860,1,416
1861,8,3961
1862,0,495
1863,7,1218
1864,9,1862
1865,6,3258
1866,67,3297
1867,1,604
1868,0,125
1869,0,164
1870,0,1002
1871,34,5727
1872,1,1073
1873,0,528
1874,66,20946
1875,1,1019
1876,0,507
1877,2,437
1878,5,2039
1879,3,1319
1880,0,326
1881,2,360
1882,3,941
1883,75,3642
1884,3,561
1885,28,6271
1886,88,23477
1887,10,4263
1888,115,18549
1889,23,4875
1890,267,14336
1891,42,9628
1892,79,30806
1893,7,5587
1894,57,14101
1895,31,34936
1896,43,17076
1897,5,10723
1898,8,9059
1899,33,8179
1900,29,9171
1901,29,11131
1902,12,10388
1903,44,27297
1904,36,10909
1905,0,351
1906,32,945
1907,17,2936
1908,0,70
1909,0,3130
1910,3,2700
1911,3,2205
1912,43,10421
1913,108,20679
1914,70,23908
1915,6,5463
1916,50,16535
1917,12,2438
1918,25,5575
1919,60,17898
1920,65,4469
1921,23,4839
1922,76,31591
1923,34,9633
1924,103,21221
1925,236,32047
1926,24,8167
1927,12,3682
1928,49,13760
1929,13,4350
1930,128,24703
1931,19,5846
1932,6,2352
1933,15,4901
1934,78,12579
1935,69,17141
1936,107,29098
1937,6,5232
1938,30,4120
1939,66,23404
1940,16,5557
1941,50,15174
1942,49,9265
1943,15,4328
1944,12,2628
1945,8,3299
1946,0,1216
1947,4,1411
1948,1,1143
1949,4,744
1950,2,1050
1951,1,1310
1952,14,3308
1953,0,978
1954,3,1016
1955,32,9578
1956,0,196
1957,0,472
1958,1,1310
1959,0,496
1960,0,66
1961,13,4842
1962,0,714
1963,1,1954
1964,13,3944
1965,0,265
1966,9,1236
1967,3,1264
1968,6,1895
1969,0,511
1970,0,605
1971,5,1094
1972,22,15832
1973,0,820
1974,6,2363
1975,0,751
1976,3,24669
1977,28,9886
1978,3,995
1979,3,3293
1980,0,1589
1981,33,14959
1982,40,9842
1983,90,11285
1984,7,5103
1985,0,556
1986,35,6465
1987,0,911
1988,11,5882
1989,350,51370
1990,6,331
1991,4,1142
1992,73,20296
1993,58,12881
1994,118,9305
1995,55,10743
1996,19,9631
1997,0,836
1998,1,587
1999,14,10261
2000,1,671
2001,4,3984
2002,34,3342
2003,5,2251
2004,2,1239
2005,1,317
2006,39,17215
2007,4,861
2008,0,432
2009,3,4088
2010,44,10003
2011,21,5129
2012,0,1248
2013,5,1833
2014,1,878
2015,35,13331
2016,107,27764
2017,3,2003
2018,40,9906
2019,8,4704
2020,212,8432
2021,94,14654
2022,61,23881
2023,9,3192
2024,12,14600
2025,211,50661
2026,73,3461
2027,68,21705
2028,261,12026
2029,53,17622
2030,2,2231
2031,24,12658
2032,82,30134
2033,22,7324
2034,18,9397
2035,39,10460
2036,26,11433
2037,445,18603
2038,28,4047
2039,19,6586
2040,198,35392
2041,80,22875
2042,55,18288
2043,29,6762
2044,144,30207
2045,69,17301
2046,68,21148
2047,201,47343
2048,178,10036
2049,7,7376
2050,49,16650
2051,53,2806
2052,4,3704
2053,156,39964
2054,15,13685
2055,17,4806
2056,49,11943
2057,47,18761
2058,23,5590
2059,54,7592
2060,55,16478
2061,68,26955
2062,36,18288
2063,27,8934
2064,44,14937
2065,22,6633
2066,28,14400
2067,57,13396
2068,70,22068
2069,51,7174
2070,12,2583
2071,17,10086
2072,43,20583
2073,114,28586
2074,47,14198
2075,22,5431
2076,35,15179
2077,12,3794
2078,20,11212
2079,70,20070
2080,6,6004
2081,19,8133
2082,15,8535
2083,10,6065
2084,82,16952
2085,102,19706
2086,12,6891
2087,298,16344
2088,17,5656
2089,108,42625
2090,72,15506
2091,38,10906
2092,78,14871
2093,305,16002
2094,74,15530
2095,39,10206
2096,64,31801
2097,27,7911
2098,12,9675
2099,37,14657
2100,125,35484
2101,31,7184
2102,150,10797
2103,26,8660
2104,8,4940
2105,193,9818
2106,99,6871
2107,55,15849
2108,19,6918
2109,20,8760
2110,23,7855
2111,14,3680
2112,45,17572
2113,15,4961
2114,198,14537
2115,33,7155
2116,42,11604
2117,100,40835
2118,6,2000
2119,22,4033
2120,88,9777
2121,49,13575
2122,65,13229
2123,66,4633
2124,23,8723
2125,2287,265413
2126,53,8869
2127,112,18593
2128,13,9451
2129,20,3893
2130,19,5729
2131,154,10073
2132,8,3125
2133,4,2429
2134,8,5154
2135,28,3706
2136,11,3387
2137,0,2107
2138,28,8296
2139,35,7566
2140,18,5873
2141,98,6405
2142,2,1363
2143,44,15897
2144,19,9489
2145,57,11289
2146,5,1584
2147,10,4054
2148,31,12641
2149,6,3616
2150,4,2977
2151,13,4275
2152,17,6348
2153,56,21051
2154,7,7341
2155,6,4008
2156,28,14033
2157,95,8158
2158,3,1808
2159,1,675
2160,33,9240
2161,29,9276
2162,9,2854
2163,3,1266
2164,11,7610
2165,3,2997
2166,0,901
2167,3,1170
2168,8,2559
2169,1,814
2170,15,5969
2171,373,20248
2172,142,6246
2173,18,7074
2174,63,6451
2175,19,5588
2176,15,6046
2177,23,6367
2178,4,4639
2179,8,5479
2180,16,9038
2181,2,2680
2182,33,8213
2183,31,10463
2184,15,4683
2185,12,2362
2186,7,5409
2187,24,5266
2188,341,66186
2189,38,7531
2190,17,5302
2191,375,72435
2192,82,17319
2193,80,17027
2194,31,9214
2195,32,4354
2196,269,38848
2197,375,61749
2198,119,12944
2199,636,85144
2200,109,21240
2201,570,68986
2202,109,28054
2203,94,17764
2204,88,16543
2205,103,18489
2206,79,17381
2207,326,50327
2208,50,8539
2209,107,21999
2210,71,15424
2211,661,65669
2212,192,23042
2213,2539,224522
2214,59,15597
2215,22,8374
2216,666,63221
2217,74,19945
2218,109,24980
2219,96,19511
2220,75,19109
2221,2228,149141
2222,120,34243
2223,90,15849
2224,25,7086
2225,250,31067
2226,870,84429
2227,1877,146672
2228,76,11609
2229,4745,374817
2230,6,1629
2231,40,6968
2232,284,55697
2233,140,17834
2234,321,55327
2235,1464,133281
2236,15,3011
2237,26,7298
2238,7614,512450
2239,74,15410
2240,294,39305
2241,95,18184
2242,128,22626
2243,66,13160
2244,432,50687
2245,57,9194
2246,558,91929
2247,135,35025
2248,28,6433
2249,895,95754
2250,103,29365
2251,10951,777890
2252,39,14964
2253,53,12696
2254,9,3877
2255,53,13262
2256,31,5238
2257,95,16937
2258,1203,179858
2259,36,8824
2260,94,16191
2261,649,104576
2262,862,97116
2263,159,29480
2264,71,23473
2265,25,4937
2266,247,40928
2267,161,30890
2268,303,41450
2269,3478,223502
2270,14678,864767
2271,98,19584
2272,31,10488
2273,571,211467
2274,51,19844
2275,37,25046
2276,64,22942
2277,2,2852
2278,125,36628
2279,38,14699
2280,47,20904
2281,215,69548
2282,50,19441
2283,17,6348
2284,64,35718
2285,94,33047
2286,8,5147
2287,9,3687
2288,3,6024
2289,118,42602
2290,963,261089
2291,10,12555
2292,60,25228
2293,18,7682
2294,22,12459
2295,29,16735
2296,82,28943
2297,8,3583
2298,2675,724212
2299,20,11490
2300,29,13671
2301,70,26018
2302,88,26999
2303,11,5693
2304,12,9738
2305,51,23437
2306,0,2518
2307,6,6826
2308,18,4019
2309,15,6976
2310,2,2368
2311,50,17557
2312,8,3261
2313,38,13058
2314,70,21309
2315,12,2208
2316,12,5061
2317,15,10847
2318,36,13773
2319,33,15256
2320,6,20436
2321,53,19064
2322,7,4806
2323,49,19508
2324,1,8351
2325,12,3321
2326,367,91480
2327,89,36871
2328,10,7443
2329,62,17000
2330,10,4879
2331,38,15537
2332,15,7256
2333,1157,279321
2334,4,2141
2335,14,8385
2336,14,8117
2337,108,36583
2338,4,5082
2339,28,8562
2340,408,119570
2341,227,90658
2342,170,58203
2343,10,8591
2344,176,87486
2345,29,20989
2346,13,5168
2347,10,5077
2348,9,13784
2349,4,1816
2350,2,13582
2351,0,8094
2352,13,10455
2353,634,170365
2354,21,4969
2355,14,3378
2356,56,27969
2357,120,90332
2358,10,5439
2359,28,11928
2360,56,15112
2361,38,6815
2362,1,7703
2363,0,3880
2364,116,10435
2365,35,6034
2366,4,5194
2367,65,7234
2368,32,3890
2369,11,3541
2370,14,7571
2371,53,9057
2372,0,6790
2373,72,11665
2374,33,8861
2375,443,79082
2376,280,28466
2377,22,4066
2378,17,11069
2379,39,5649
2380,18,9766
2381,3,21175
2382,227,75923
2383,373,86830
2384,0,6730
2385,0,3468
2386,0,622
2387,188,10621
2388,240,52410
2389,0,7890
2390,7,3299
2391,71,5378
2392,86,27755
2393,25,4086
2394,101,23409
2395,103,28171
2396,97,27407
2397,25,6053
2398,36,8380
2399,221,35338
2400,93,9421
2401,106,15802
2402,146,24426
2403,608,55710
2404,96,11188
2405,77,14983
2406,33,16069
2407,76,4424
2408,45,10861
2409,49,9323
2410,1,4449
2411,117,18051
2412,95,14422
2413,146,24671
2414,8,5539
2415,158,12715
2416,127,14068
2417,63,10381
2418,0,2677
2419,547,69678
2420,72,9891
2421,0,1766
2422,46,11094
2423,0,7676
2424,51,7919
2425,72,7876
2426,4,5012
2427,84,12861
2428,65,9591
2429,28,9050
2430,27,2668
2431,0,12478
2432,10,6529
2433,170,18298
2434,147,14540
2435,43,9119
2436,27,5095
2437,22,2931
2438,65,8322
2439,12,5878
2440,20,8971
2441,27,10361
2442,15,9933
2443,1,3135
2444,1,13213
2445,33,16311
2446,6,6047
2447,17,10048
2448,2,10888
2449,4,6210
2450,265,91267
2451,68,43014
2452,30,22063
2453,7,5598
2454,82,22556
2455,30,25664
2456,62,40864
2457,4,4562
2458,5,3625
2459,227,59971
2460,5,7281
2461,6,4135
2462,104,51034
2463,3,4101
2464,255,136586
2465,20,11340
2466,55,40765
2467,8,10545
2468,71,13459
2469,3,5097
2470,9,8521
2471,9,4794
2472,15,5846
2473,7,9727
2474,4,7365
2475,17,10119
2476,114,45676
2477,12,8081
2478,11,3334
2479,394,145848
2480,11,4451
2481,26,3880
2482,20,11036
2483,6,5159
2484,3,2726
2485,15,5988
2486,49,24206
2487,12,4577
2488,374,196230
2489,184,54323
2490,163,120381
2491,47,23667
2492,0,2193
2493,54,21997
2494,19,17376
2495,27,23178
2496,7,5352
2497,53,32416
2498,45,5747
2499,3,6928
2500,18,12069
2501,1,7886
2502,11,7959
2503,14,5768
2504,12,16887
2505,2,2109
2506,11,13161
2507,18,5256
2508,15,8567
2509,17,5298
2510,5,7135
2511,15,9809
2512,10,6804
2513,56,29287
2514,19,9763
2515,1,5684
2516,72,8864
2517,10,6108
2518,22,6620
2519,23,9874
2520,2,19052
2521,37,25817
2522,6,7917
2523,178,58415
2524,26,15334
2525,20,22496
2526,1,2981
2527,26,7375
2528,62,13495
2529,14,11738
2530,4,3566
2531,9,7354
2532,1020,229319
2533,18,5050
2534,14,12254
2535,15,36844
2536,2082,510258
2537,16,11458
2538,4,1963
2539,6,1930
2540,12,20841
2541,6,4905
2542,4,3291
2543,38,13707
2544,53,19206
2545,1,2487
2546,211,27108
2547,20,14650
2548,21,9080
2549,94,20278
2550,7,10300
2551,14,7028
2552,107,19999
2553,0,1300
2554,20,9042
2555,347,125942
2556,513,117354
2557,30,5893
2558,111,4543
2559,19,3093
2560,13,4879
2561,38,7464
2562,0,865
2563,167,38198
2564,7,2987
2565,11,5891
2566,1,966
2567,39,4695
2568,31,4966
2569,6,1529
2570,13,6817
2571,820,64055
2572,347,71027
2573,0,811
2574,81,5191
2575,1,522
2576,15,2208
2577,123,6890
2578,84,8430
2579,9,1373
2580,68,17172
2581,257,42691
2582,0,1014
2583,111,11959
2584,3,1095
2585,42,6555
2586,7,1188
2587,12,2888
2588,259,73907
2589,8,3040
2590,27,11900
2591,6,332
2592,24,2233
2593,27,2885
2594,0,1123
2595,6,3336
2596,3,703
2597,85,30311
2598,94,5387
2599,20,3998
2600,13,3753
2601,14,8203
2602,8,1940
2603,55,18569
2604,7,5990
2605,9,2423
2606,21,3636
2607,5,2068
2608,0,451
2609,22,4148
2610,49,1095
2611,2,562
2612,585,82575
2613,92,14642
2614,20,3496
2615,0,288
2616,3,388
2617,1,295
2618,29,3095
2619,22,4997
2620,1,1095
2621,10,1660
2622,97,24218
2623,13,3729
2624,22,4677
2625,117,16037
2626,28,5025
2627,18,1886
2628,46,3118
2629,49,4609
2630,75,3379
2631,4,3608
2632,15,4548
2633,33,5998
2634,45,6305
2635,33,3965
2636,26,8754
2637,0,1024
2638,19,2954
2639,59,16786
2640,2004,277926
2641,1,937
2642,19,3082
2643,4,1629
2644,6,1422
2645,15,2448
2646,46,11152
2647,4,1136
2648,2,1024
2649,2,1146
2650,0,369
2651,3,1258
2652,161,23354
2653,51,5672
2654,7,1840
2655,3,498
2656,4,1462
2657,30,5522
2658,6,433
2659,20,3607
2660,24,3719
2661,4,2201
2662,26,3674
2663,18,4271
2664,3,548
2665,3,1741
2666,38,4529
2667,1139,161148
2668,62,16754
2669,0,445
2670,2,437
2671,1,288
2672,170,15988
2673,30,4436
2674,12,2466
2675,10,1871
2676,8,3480
2677,16,2292
2678,36,8350
2679,2,1406
2680,10,1448
2681,13,5055
2682,4,3965
2683,62,15992
2684,9,2879
2685,8,5429
2686,12,4006
2687,0,846
2688,46,5791
2689,1202,102382
2690,122,13795
2691,100,15369
2692,58,9378
2693,23,2524
2694,15,1719
2695,2,682
2696,7,3113
2697,30,2923
2698,1,401
2699,10,2179
2700,17,2334
2701,25,12793
2702,24,4183
2703,19,1778
2704,2,491
2705,54,7153
2706,76,13466
2707,10801,1033352
2708,280,35616
2709,344,22497
2710,0,456
2711,12,1035
2712,26,8011
2713,13,2730
2714,6,2480
2715,624,33431
2716,7,2286
2717,257,27140
2718,9,2316
2719,68,3076
2720,3059,263154
2721,50,4343
2722,309,30908
2723,10,4263
2724,3,3173
2725,9,4334
2726,0,821
2727,10,5315
2728,2,2692
2729,20,2075
2730,1,1373
2731,121,1529
2732,0,1367
2733,0,1286
2734,2,1933
2735,2,4675
2736,2,1675
2737,4,2153
2738,1,2251
2739,0,465
2740,10,2124
2741,2,586
2742,0,234
2743,19,5991
2744,0,320
2745,0,1018
2746,2,1201
2747,0,132
2748,0,43
2749,4,778
2750,0,1792
2751,11,3946
2752,1,2711
2753,3,1212
2754,0,1861
2755,8,2016
2756,7,3562
2757,6,4858
2758,2,1221
2759,5,2468
2760,2,1139
2761,3,1473
2762,1,521
2763,1,775
2764,3,1924
2765,4,3232
2766,4,2376
2767,1,2661
2768,11,2496
2769,3,2575
2770,9,2890
2771,0,1290
2772,1,463
2773,0,450
2774,0,761
2775,1,3765
2776,0,157
2777,0,938
2778,0,436
2779,0,577
2780,13,4252
2781,0,1135
2782,3,2373
2783,0,1115
2784,6,2078
2785,0,0
2786,0,0
2787,0,0
2788,2,4070
2789,0,5
2790,0,555
2791,0,0
2792,0,197
2793,0,1142
2794,0,421
2795,0,0
2796,0,0
2797,4,621
2798,0,0
2799,0,6
2800,0,190
2801,2,235
2802,0,0
2803,2,1682
2804,0,0
2805,0,0
2806,0,678
2807,0,0
2808,5,1820
2809,0,0
2810,0,0
2811,1,824
2812,0,14
2813,3,1148
2814,0,0
2815,0,10
2816,0,607
2817,0,281
2818,0,0
2819,0,0
2820,1,275
2821,0,331
2822,2,456
2823,3,361
2824,0,2
2825,0,0
2826,0,23
2827,2,1480
2828,4,1135
2829,1,1264
2830,0,694
2831,4,235
2832,11,1688
2833,3,885
2834,0,2055
2835,3,2172
2836,4,2199
2837,0,248
2838,0,239
2839,0,74
2840,5,2763
2841,9,841
2842,2,796
2843,0,391
2844,43,7214
2845,1,2429
2846,1,562
2847,1,1494
2848,1,298
2849,0,2544
2850,1,2859
2851,1,2757
2852,3,946
2853,0,858
2854,3,3328
2855,0,0
2856,0,393
2857,14,1249
2858,1,557
2859,0,203
2860,0,875
2861,0,482
2862,10,3461
2863,1,1049
2864,0,495
2865,8,1838
2866,0,475
2867,0,433
2868,1,644
2869,5,862
2870,26,8218
2871,0,1699
2872,64,14764
2873,4,899
2874,6,3705
2875,3,1156
2876,0,1233
2877,18,10565
2878,0,1093
2879,2,1040
2880,0,1320
2881,4,3466
2882,16,5908
2883,56,14528
2884,9,5551
2885,0,1196
2886,8,5694
2887,10,5262
2888,5,3518
2889,12,3693
2890,5,2908
2891,7,5321
2892,4,3887
2893,11,5492
2894,7,4193
2895,4,4278
2896,3,3685
2897,6,4562
2898,6,965
2899,23,17737
2900,27,9522
2901,1,1897
2902,12,6193
2903,8,5782
2904,9,4669
2905,9,3027
2906,47,6572
2907,11,4450
2908,14,4269
2909,20,4843
2910,20,5789
2911,2,4005
2912,3,3309
2913,22,9266
2914,11,4455
2915,0,294
2916,1,965
2917,4,5761
2918,0,2565
2919,0,132
2920,0,2414
2921,0,1605
2922,5,2189
2923,9,5453
2924,2,1120
2925,5,1761
2926,0,1860
2927,1,2588
2928,0,2304
2929,2,1385
2930,3,2439
2931,13,2906
2932,6,2132
2933,4,2953
2934,1,2404
2935,2,2195
2936,10,3114
2937,0,836
2938,2,2120
2939,2,3055
2940,2,1520
2941,0,1421
2942,1,1588
2943,13,2913
2944,0,671
2945,20,9026
2946,10,4239
2947,3,3742
2948,7,1708
2949,10,3196
2950,2,2808
2951,8,4548
2952,3,2322
2953,0,1010
2954,0,1443
2955,4,1930
2956,2,1304
2957,3,1016
2958,12,5174
2959,3,4093
2960,5,3144
2961,4,2950
2962,3,3538
2963,5,2890
2964,0,3403
2965,49,18071
2966,3,1724
2967,4,4954
2968,16,10411
2969,4,3155
2970,8,2952
2971,6,6089
2972,27,10483
2973,4,1756
2974,1,1596
2975,10,4177
2976,42,16310
2977,0,868
2978,6,1289
2979,3,629
2980,17,6055
2981,8,3047
2982,5,3447
2983,10,2957
2984,11,3704
2985,7,4740
2986,13,2914
2987,18,3229
2988,5,3051
2989,7,2659
2990,6,2870
2991,12,6358
2992,8,4444
2993,62,18662
2994,6,4248
2995,21,5226
2996,0,636
2997,17,5575
2998,19,10157
2999,8,6355
3000,3,3243
3001,4,3102
3002,2,3765
3003,2,3558
3004,3,2896
3005,1,3087
3006,25,8465
3007,10,3692
3008,4,2944
3009,3,1312
3010,0,1148
3011,2,2730
3012,2,1951
3013,2,3015
3014,1,3020
3015,1,3008
3016,6,2797
3017,3,3030
3018,2,2512
3019,2,1770
3020,5,1456
3021,1,1173
3022,0,1199
3023,1,1461
3024,2,1117
3025,1,3006
3026,0,595
3027,10,2539
3028,2,1743
3029,1,2303
3030,0,1966
3031,0,1145
3032,2,578
3033,1,484
3034,13,2481
3035,0,431
3036,1,768
3037,6,3344
3038,2,1718
3039,1,953
3040,8,2531
3041,0,913
3042,0,888
3043,626,130789
3044,1798,463837
3045,1107,231573
3046,2223,252220
3047,74,55204
3048,209,56462
3049,5726,315739
3050,206,166287
3051,678,234440
3052,300,81841
3053,1408,165154
3054,2911,369365
3055,1807,363680
3056,636,288123
3057,1705,340300
3058,331,205563
3059,214,31255
3060,1311,179794
3061,537,85228
3062,1044,244439
3063,161,60628
3064,749,312820
3065,0,2367
3066,8,22275
3067,14,9017
3068,4,5854
3069,9,15288
3070,0,882
3071,123,85741
3072,0,23542
3073,8,14276
3074,2,1951
3075,1,433
3076,4,1874
3077,0,21284
3078,2,10213
3079,22,12322
3080,0,8110
3081,9,25987
3082,2,2515
3083,31,24349
3084,0,3725
3085,10,16068
3086,2,6662
3087,370,79946
3088,9,53065
3089,7,11180
3090,68,83872
3091,0,5977
3092,5,7309
3093,17,16713
3094,4,7222
3095,0,1674
3096,66,33410
3097,1417,151546
3098,145,20658
3099,9398,367458
3100,720,92151
3101,225,34549
3102,148,36808
3103,537,57683
3104,166,37962
3105,158,22828
3106,1,37508
3107,216,36324
3108,119,22330
3109,91,23476
3110,1720,154677
3111,2861,465091
3112,100,19709
3113,192,19671
3114,135,24089
3115,131,28777
3116,70,25305
3117,0,3472
3118,231,29024
3119,440,42224
3120,20262,862506
3121,28,13349
3122,38,31522
3123,295,35694
3124,2340,368343
3125,179,20971
3126,6994,721587
3127,10035,666530
3128,572,103611
3129,1184,101535
3130,641,232980
3131,257,60843
3132,1542,176644
3133,61,18334
3134,154,54818
3135,335,28745
3136,79,56424
3137,14090,720923
3138,350,80240
3139,2806,201660
3140,879,149952
3141,214,44534
3142,713,135022
3143,415,73488
3144,92,16229
3145,58,9586
3146,45,16465
3147,300,47286
3148,5122,773500
3149,641,35923
3150,163,24841
3151,289,47483
3152,588,99960
3153,131,36277
3154,74,28898
3155,322,45015
3156,2950,465460
3157,2,18258
3158,34,10870
3159,982,90551
3160,116,20845
3161,31,6574
3162,64,10955
3163,66,16445
3164,113,9589
3165,157,26775
3166,105,9229
3167,155,16870
3168,952,110207
3169,1211,162561
3170,190,46168
3171,1312,121062
3172,306,43778
3173,62,6368
3174,362,46323
3175,51,12114
3176,508,87797
3177,242,52887
3178,58,17951
3179,49,7601
3180,39,7783
3181,534,52026
3182,190,26524
3183,663,56735
3184,2272,143060
3185,156,18164
3186,214,25479
3187,880,94098
3188,123,27053
3189,265,23033
3190,1920,183794
3191,179,24549
3192,1924,206640
3193,314,42955
3194,1021,119930
3195,51,5916
3196,39,4863
3197,262,32283
3198,105,8494
3199,2459,287645
3200,96,24111
3201,919,64633
3202,207,38137
3203,452,70635
3204,99,9892
3205,338,23107
3206,25,2451
3207,756,111646
3208,295,22169
3209,1201,125488
3210,49,5501
3211,240,30368
3212,272,27646
3213,368,55917
3214,178,23820
3215,101,22129
3216,139,13749
3217,80,12099
3218,3922,584188
3219,60,8899
3220,169,13299
3221,691,62933
3222,404,52706
3223,1615,140098
3224,30,9282
3225,1015,83501
3226,572,89869
3227,56,8030
3228,272,20490
3229,471,39163
3230,85,7719
3231,189,22170
3232,1167,87839
3233,73,13205
3234,642,76372
3235,313,19974
3236,621,47138
3237,362,49852
3238,695,75814
3239,337,34901
3240,177,28377
3241,228,14741
3242,402,36907
3243,92,27357
3244,314,37754
3245,98,7131
3246,91,21083
3247,16,1764
3248,971,140480
3249,150,20183
3250,4698,661847
3251,99,10111
3252,36,5995
3253,202,33533
3254,703,55335
3255,174,36581
3256,429,40278
3257,71,20545
3258,98,11490
3259,2,1213
3260,8,5413
3261,13,2030
3262,1,658
3263,7,3485
3264,0,1637
3265,3,1068
3266,54,52867
3267,174,91565
3268,2,2033
3269,1,2483
3270,4,1223
3271,6,2266
3272,0,1232
3273,0,1956
3274,4,1720
3275,1,998
3276,22,31679
3277,0,1324
3278,0,1309
3279,7,1318
3280,1,1406
3281,9,2166
3282,0,1052
3283,11,2787
3284,0,1415
3285,16,5556
3286,5,5470
3287,22,4603
3288,2,17205
3289,3,4108
3290,1,1785
3291,0,1097
3292,4,3154
3293,0,2006
3294,0,5316
3295,1,2758
3296,0,1226
3297,9,8346
3298,1,4121
3299,3,2077
3300,0,766
3301,0,963
3302,1,393
3303,20,15234
3304,0,1021
3305,15,10262
3306,0,1135
3307,2,4178
3308,15,4575
3309,57,28778
3310,0,2279
3311,11,15259
3312,80,12537
3313,253,46845
3314,156,27045
3315,288,43884
3316,284,26242
3317,124,25880
3318,233,31402
3319,239,21659
3320,1719,185804
3321,65,13932
3322,131,20716
3323,510,63695
3324,515,115426
3325,181,20980
3326,235,48246
3327,116,16564
3328,138,20499
3329,4023,587284
3330,91,27299
3331,182,19401
3332,825,135473
3333,313,40282
3334,904,85675
3335,37,12700
3336,4927,608836
3337,177,22728
3338,237,13109
3339,323,55531
3340,803,91695
3341,106,17814
3342,3566,416548
3343,94,38440
3344,22,13036
3345,65,7200
3346,65,15105
3347,225,20171
3348,81,13616
3349,49,12629
3350,229,27487
3351,252,14432
3352,97,31727
3353,240,32493
3354,569,130116
3355,82,27098
3356,656,96382
3357,165,23796
3358,3044,161185
3359,1506,193899
3360,153,20984
3361,634,114222
3362,373,27642
3363,659,108313
3364,82,10542
3365,110,23978
3366,370,59830
3367,17,6903
3368,2281,258566
3369,44,6899
3370,76,19074
3371,66,39845
3372,49,6249
3373,147,24215
3374,80,9415
3375,129,17215
3376,192,29607
3377,40,12347
3378,654,84211
3379,176,21920
3380,19,19972
3381,342,59092
3382,87,33286
3383,202,30053
3384,243,31496
3385,94,25652
3386,188,25495
3387,1358,186211
3388,2120,277773
3389,417,98118
3390,248,43684
3391,218,37879
3392,40,14899
3393,38,5832
3394,771,142093
3395,233,31376
3396,393,53865
3397,143,18337
3398,504,68446
3399,54,11546
3400,35,7283
3401,13,2167
3402,26,5678
3403,10,2125
3404,11,7692
3405,13,3793
3406,45,17860
3407,41,9524
3408,281,73330
3409,18,19538
3410,81,17902
3411,15,5654
3412,0,942
3413,1349,119934
3414,0,2554
3415,167,34381
3416,1,2516
3417,5,6074
3418,112,31398
3419,28,10217
3420,119,18163
3421,3,2223
3422,3,1818
3423,32,21933
3424,38,11016
3425,49,25340
3426,1,2129
3427,2,1840
3428,1,883
3429,8,1456
3430,7,4947
3431,2,4670
3432,13,8068
3433,6,2384
3434,12,4233
3435,21,16969
3436,21,6781
3437,14,3288
3438,6,4085
3439,27,18794
3440,27,15524
3441,111,24269
3442,0,4276
3443,98,21464
3444,54,11341
3445,26,8468
3446,5,3491
3447,5,6609
3448,20,17432
3449,7,5895
3450,55,24441
3451,7,4978
3452,1,4572
3453,20,4019
3454,1177,290882
3455,27,14393
3456,83,20703
3457,56,11197
3458,12,6889
3459,104,29429
3460,69,17619
3461,33,15234
3462,86,28886
3463,2,4716
3464,5,1740
3465,100,47051
3466,6,8071
3467,18,15621
3468,33,18679
3469,4,5225
3470,7,2538
3471,2122,258471
3472,100,38648
3473,72,23275
3474,8,4667
3475,16,3654
3476,29,7325
3477,147,9791
3478,1384,50780
3479,4249,249005
3480,287,23531
3481,286,31645
3482,546,36199
3483,229,16440
3484,248,14318
3485,3665,128626
3486,1299,62797
3487,8,1157
3488,32,4501
3489,60,4293
3490,221,12830
3491,2575,120689
3492,157,11859
3493,982,50155
3494,433,35817
3495,58,4267
3496,2833,213173
3497,125,30036
3498,1018,72250
3499,261,11067
3500,2920,159186
3501,61,4783
3502,5604,419161
3503,722,48175
3504,30,1181
3505,207,16409
3506,799,31537
3507,167,14762
3508,21,5171
3509,271,13532
3510,5895,301124
3511,4,891
3512,1024,58470
3513,102,60984
3514,4268,722248
3515,89,37052
3516,348,95551
3517,89,28252
3518,2622,211486
3519,322,65227
3520,203,31418
3521,2588,403746
3522,605,122240
3523,263,71736
3524,13,2417
3525,159,35290
3526,571,81377
3527,2052,327523
3528,38,19828
3529,25,40555
3530,134,18629
3531,74,32983
3532,191,43142
3533,916,149731
3534,992,150393
3535,2621,330593
3536,47,17263
3537,1198,138238
3538,211,63717
3539,15,2667
3540,321,84316
3541,68,8231
3542,93,17223
3543,37,23050
3544,349,42271
3545,59,23189
3546,36,12170
3547,476,117261
3548,1930,291774
3549,75,47391
3550,506,74397
3551,1855,191044
3552,1453,155216
3553,166,59945
3554,119,19830
3555,30,58525
3556,146,22032
3557,555,85896
3558,3633,524239
3559,60,9978
3560,1125,179570
3561,203,43518
3562,56,25965
3563,10365,727910
3564,275,35107
3565,32,9159
3566,302,73582
3567,33,20117
3568,96,41099
3569,9,3756
3570,238,22511
3571,34,21707
3572,75,21090
3573,92,26811
3574,82,20896
3575,552,122415
3576,127,29638
3577,975,212493
3578,61,15137
3579,1861,250130
3580,37,10774
3581,45,11717
3582,14,6177
3583,93,20457
3584,60,8660
3585,366,46366
3586,19,4103
3587,72,14315
3588,16,4005
3589,2,2611
3590,24,8152
3591,54,10335
3592,27,10822
3593,49,9276
3594,52,8784
3595,48,3887
3596,167,41177
3597,54,20838
3598,99,23223
3599,6,2972
3600,16,6424
3601,89,15845
3602,68,12724
3603,48,16356
3604,12,7243
3605,356,26003
3606,798,57132
3607,20,6738
3608,49,11869
3609,81,14154
3610,15,5673
3611,25,4273
3612,22,5330
3613,33,9212
3614,3,873
3615,53,17546
3616,16,5002
3617,48,16861
3618,55,14255
3619,6,12107
3620,190,86665
3621,3,3051
3622,172,98869
3623,17,5771
3624,8,9857
3625,159,105414
3626,163,113538
3627,4,7994
3628,474,216459
3629,23,24947
3630,10,15692
3631,10,18528
3632,34,16461
3633,75,18381
3634,23,30589
3635,28,11941
3636,103,78324
3637,3,13979
3638,16,11314
3639,24,61622
3640,60,38119
3641,533,265507
3642,81,31108
3643,20,8302
3644,262,207168
3645,23,18382
3646,22,33762
3647,501,54831
3648,150,30367
3649,2,8119
3650,315,147971
3651,8,6221
3652,92,13510
3653,72,10243
3654,6,18247
3655,102,42553
3656,76,37174
3657,125,60822
3658,458,183839
3659,3,9059
3660,325,156353
3661,16,45468
3662,9,12350
3663,21,14414
3664,314,151012
3665,0,1416
3666,11,7155
3667,6,1094
3668,1,3060
3669,4,15288
3670,21,17358
3671,4,2476
3672,2,463
3673,12,5139
3674,2,847
3675,20,3675
3676,3,1887
3677,5,5801
3678,11,13771
3679,9,1162
3680,14,6108
3681,13,9309
3682,2,2986
3683,2,2329
3684,2,1912
3685,2,1682
3686,1,2065
3687,17,4318
3688,3,1160
3689,5,3697
3690,0,2310
3691,1,1141
3692,2,3221
3693,0,1794
3694,17,2092
3695,0,831
3696,13,8625
3697,9,3811
3698,0,709
3699,0,1153
3700,3,1011
3701,0,557
3702,2,2859
3703,2,5948
3704,79,15739
3705,41,37126
3706,5,1461
3707,6,3098
3708,1,1332
3709,4,2155
3710,44,14919
3711,2,740
3712,2,1198
3713,218,95717
3714,2,3257
3715,25,3037
3716,441,57874
3717,2,1619
3718,0,351
3719,19,4186
3720,0,1203
3721,4,3201
3722,12,1755
3723,0,914
3724,2,2143
3725,12,2676
3726,1,4624
3727,7,9026
3728,4,2309
3729,12,11061
3730,3,798
3731,5,36841
3732,184,20194
3733,32,7286
3734,0,6217
3735,230,69805
3736,37,49643
3737,8,15614
3738,4,6930
3739,49,11944
3740,24,25035
3741,9,20873
3742,27,7638
3743,5,13595
3744,34,3782
3745,36,15766
3746,177,25101
3747,3,5955
3748,59,34867
3749,2979,293509
3750,2,5483
3751,6,9486
3752,73,25352
3753,11,14441
3754,36,23848
3755,55,9816
3756,143,19841
3757,19,21783
3758,0,13566
3759,10,11184
3760,300,31256
3761,41,6376
3762,84,25660
3763,1108,176632
3764,0,2938
3765,3,9434
3766,25,12129
3767,100,26422
3768,25,6681
3769,22,12095
3770,19,15160
3771,8,10408
3772,44,3823
3773,5,8303
3774,37,5719
3775,103,25980
3776,13,8142
3777,577,224421
3778,1,1955
3779,4,8304
3780,13,19627
3781,27,5915
3782,73,16218
3783,43,33520
3784,178,24197
3785,3,11325
3786,34,10404
3787,25,40323
3788,65,13992
3789,23,16039
3790,3,52489
3791,23,6149
3792,89,22463
3793,240,82231
3794,24,3688
3795,77,8606
3796,7,12960
3797,28,11121
3798,0,3735
3799,13,2989
3800,61,8786
3801,122,35245
3802,67,14542
3803,38,27607
3804,2,35278
3805,736,148664
3806,11,9668
3807,33,7940
3808,58,44218
3809,938,329854
3810,79,9411
3811,58,6659
3812,180,76050
3813,219,98508
3814,20,26892
3815,26,4279
3816,14,8616
3817,95,8717
3818,15,3284
3819,18,17129
3820,552,61790
3821,4,6882
3822,91,13495
3823,48,12989
3824,118,146608
3825,488,81826
3826,119,19434
3827,1,6082
3828,62,34589
3829,90,13093
3830,1,5149
3831,1,1122
3832,130,18533
3833,31,15524
3834,8,1753
3835,63,13630
3836,264,40029
3837,9,1694
3838,186,8827
3839,2444,132828
3840,2717,763795
3841,81,8576
3842,0,389
3843,89,9620
3844,85,36783
3845,1441,166123
3846,906,92620
3847,55,4630
3848,1,753
3849,5,2486
3850,8,16979
3851,12,9406
3852,143,28269
3853,274,15820
3854,30,7902
3855,39,7012
3856,346,117602
3857,13,5277
3858,37,3186
3859,113,14205
3860,0,2089
3861,293,25049
3862,82,20571
3863,6,2285
3864,27,5962
3865,15,904
3866,29,1821
3867,0,4181
3868,3398,518088
3869,0,1212
3870,70,10047
3871,1265,104044
3872,0,6578
3873,5,1203
3874,171,20547
3875,36,24040
3876,1,661
3877,25,1396
3878,1,1434
3879,0,1890
3880,0,796
3881,17,1462
3882,5962,858554
3883,8,3534
3884,17,4317
3885,9,2669
3886,4099,452549
3887,28,7844
3888,2,996
3889,0,3401
3890,0,1559
3891,65,4632
3892,6,8401
3893,41,41393
3894,6,1009
3895,326,100446
3896,1184,265886
3897,45,18482
3898,0,6300
3899,37,16453
3900,30,13414
3901,2,1846
3902,15,2107
3903,0,549
3904,1379,365243
3905,51,5336
3906,1,8996
3907,0,4981
3908,19,6431
3909,1549,160834
3910,5,1661
3911,90,16628
3912,3,668
3913,23,3997
3914,1,7794
3915,7,7576
3916,314,66174
3917,109,46987
3918,91,14118
3919,1042,85876
3920,243,9315
3921,5,1150
3922,23,4512
3923,0,2011
3924,6,1421
3925,84,28288
3926,5748,1567713
3927,21,30258
3928,10,2025
3929,6,2272
3930,2146,125083
3931,1,1624
3932,889,38675
3933,417,218555
3934,98,16766
3935,6,7912
3936,11,36890
3937,24,16811
3938,60,9420
3939,47,9695
3940,17,1074
3941,310,46972
3942,8,8279
3943,2,871
3944,7,4175
3945,28,6340
3946,53,15868
3947,2,1177
3948,1122,86969
3949,0,1610
3950,176,13432
3951,570,84867
3952,91,6979
3953,11,5101
3954,578,69800
3955,81,29563
3956,0,161
3957,0,456
3958,154,28348
3959,6,2427
3960,0,135
3961,5,1438
3962,165,10153
3963,12,1383
3964,47,21157
3965,53,4175
3966,29,11348
3967,13,2527
3968,11,10533
3969,67,8471
3970,0,9099
3971,282,31449
3972,4,9072
3973,26,1262
3974,99,5115
3975,84,13728
3976,18,114
3977,3275,126238
3978,11,2580
3979,15,3530
3980,52,100410
3981,3,502
3982,0,5512
3983,64,4754
3984,0,2089
3985,0,2531
3986,12,13364
3987,20,16386
3988,276,24725
3989,6,1045
3990,180,59196
3991,113,11138
3992,3,2748
3993,77,2517
3994,54,11163
3995,791,309194
3996,0,5391
3997,70,5480
3998,0,652
3999,58,25743
4000,62,19969
4001,17,5925
4002,31,5144
4003,91,121970
4004,2,3024
4005,0,980
4006,28,36454
4007,205,13378
4008,3,11516
4009,189,90877
4010,26,2518
4011,2,4278
4012,46,24359
4013,95,32319
4014,1,2014
4015,16,6540
4016,116,67366
4017,0,951
4018,2,1893
4019,7,5810
4020,0,3492
4021,10,3102
4022,2,574
4023,25,8194
4024,340,62796
4025,61,3632
4026,66,21858
4027,0,5591
4028,8,3764
4029,13,12842
4030,134,25734
4031,1,2720
4032,2,1117
4033,5,5745
4034,3,1736
4035,0,9992
4036,3,906
4037,92,104547
4038,41,5339
4039,45,17081
4040,0,3762
4041,3,638
4042,0,726
4043,4,1408
4044,10,2275
4045,3997,828550
4046,242,56431
4047,3,417
4048,48,3443
4049,1,903
4050,13,10249
4051,731,45820
4052,4640,587167
4053,20,7453
4054,80,9698
4055,15,19968
4056,15,1290
4057,164,9838
4058,46,14697
4059,264,28104
4060,20,35316
4061,60,25249
4062,49,27148
4063,68,3837
4064,65,18342
4065,71,68822
4066,0,16534
4067,0,2282
4068,187,44773
4069,4,4494
4070,0,5565
4071,3453,311159
4072,57,27569
4073,6,1943
4074,378,38414
4075,101,24549
4076,9,2406
4077,0,8394
4078,1,5037
4079,1,3570
4080,45,3252
4081,497,29668
4082,908,0
4083,158,9610
4084,0,557
4085,5309,172867
4086,121,9067
4087,54,4985
4088,17,2857
4089,26,5371
4090,268,28455
4091,75,6616
4092,35,4560
4093,97,6500
4094,85,7005
4095,0,977
4096,8,1465
4097,7701,521789
4098,177,6441
4099,445,13226
4100,107,11072
4101,550,26482
4102,386,34652
4103,438,16035
4104,5968,308985
4105,354,18979
4106,2546,99137
4107,17,1674
4108,1138,114612
4109,1,876
4110,3,784
4111,3,1197
4112,1,861
4113,1,1930
4114,0,131
4115,0,172
4116,0,197
4117,0,614
4118,0,972
4119,3,4429
4120,0,1469
4121,0,1183
4122,1,783
4123,1,235
4124,0,409
4125,9,3098
4126,1,989
4127,0,1066
4128,1,1504
4129,0,321
4130,0,23
4131,0,236
4132,1,1514
4133,14,6845
4134,1,1481
4135,0,47
4136,3,2835
4137,1,292
4138,0,1806
4139,0,447
4140,0,424
4141,0,3803
4142,0,462
4143,6,3485
4144,0,564
4145,2,700
4146,1,670
4147,0,217
4148,1,1109
4149,0,959
4150,4,1537
4151,0,598
4152,7,1565
4153,0,327
4154,3,2625
4155,0,361
4156,0,543
4157,0,672
4158,6,4590
4159,1,256
4160,0,125
4161,1,534
4162,1,612
4163,0,869
4164,0,449
4165,1,813
4166,29,20599
4167,0,2830
4168,24,9672
4169,12,6198
4170,12,7219
4171,9,3132
4172,0,1378
4173,2,3627
4174,14,6386
4175,0,2878
4176,1,1352
4177,0,60
4178,8,5584
4179,0,2264
4180,1,1469
4181,6,6974
4182,3,3633
4183,1,135
4184,0,616
4185,0,63
4186,0,546
4187,0,640
4188,0,153
4189,0,19
4190,0,188
4191,0,51
4192,0,2
4193,0,144
4194,0,109
4195,0,32
4196,0,772
4197,0,784
4198,0,752
4199,1,3130
4200,0,1170
4201,0,860
4202,2,835
4203,9,3014
4204,0,1777
4205,0,768
4206,0,1005
4207,0,727
4208,30,12565
4209,2,2258
4210,0,3503
4211,6,1075
4212,3,970
4213,0,376
4214,0,766
4215,0,1048
4216,0,208
4217,0,1659
4218,0,677
4219,0,627
4220,3,1818
4221,0,1063
4222,1,3319
4223,7,3109
4224,0,464
4225,1,967
4226,1,1543
4227,0,437
4228,0,498
4229,2,743
4230,2,895
4231,3,639
4232,1,1239
4233,0,624
4234,0,2685
4235,1,804
4236,1,1939
4237,0,655
4238,2,900
4239,0,449
4240,1,646
4241,0,373
4242,0,1943
4243,0,564
4244,2,1387
4245,0,550
4246,1,560
4247,0,585
4248,0,793
4249,0,2694
4250,0,672
4251,0,525
4252,0,372
4253,0,684
4254,1,316
4255,0,512
4256,0,253
4257,1,1903
4258,0,851
4259,0,833
4260,0,373
4261,1,236
4262,0,637
4263,2,2375
4264,0,2169
4265,2,825
4266,2,1461
4267,0,773
4268,1,1353
4269,1,428
4270,0,279
4271,0,803
4272,0,759
4273,0,584
4274,0,884
4275,0,117
4276,0,932
4277,0,340
4278,0,824
4279,1,1720
4280,0,950
4281,11,7618
4282,3,2089
4283,1,390
4284,0,405
4285,0,355
4286,0,1252
4287,0,756
4288,0,163
4289,2,1231
4290,20,3520
4291,7,4896
4292,1,1572
4293,0,910
4294,0,1155
4295,3,942
4296,1,1756
4297,0,935
4298,1,977
4299,1,1271
4300,9,5062
4301,0,1182
4302,0,2716
4303,1,760
4304,1,457
4305,1,1237
4306,3,1213
4307,3,3530
4308,0,567
4309,1,626
4310,2,235
4311,28,6520
4312,0,331
4313,4,909
4314,1,1316
4315,1,432
4316,0,1401
4317,3,535
4318,0,584
4319,3,1150
4320,0,632
4321,1,1100
4322,5,1508
4323,4,1527
4324,0,188
4325,0,790
4326,4,1299
4327,0,505
4328,3,1783
4329,3,809
4330,2,1182
4331,0,286
4332,0,364
4333,0,148
4334,0,661
4335,0,1069
4336,0,580
4337,1,836
4338,3,1786
4339,11,6236
4340,6,2188
4341,2,1215
4342,0,2501
4343,3,177
4344,0,658
4345,0,473
4346,1,737
4347,4,1543
4348,2,686
4349,3,737
4350,2,466
4351,1,1841
4352,0,445
4353,0,884
4354,4,1218
4355,3,2068
4356,19,17254
4357,98,67139
4358,11,8341
4359,0,8069
4360,26,17481
4361,14,4721
4362,333,130752
4363,0,42704
4364,1,2600
4365,97,51256
4366,0,3572
4367,14,22068
4368,0,7702
4369,24,9430
4370,27,7967
4371,11,30661
4372,23,17729
4373,37,16245
4374,0,4359
4375,5,6056
4376,728,211275
4377,5,9897
4378,1,3151
4379,60,28806
4380,3,5543
4381,7,7100
4382,25,15691
4383,16,6088
4384,1148,592808
4385,95,44694
4386,4,9686
4387,6,16577
4388,37,31060
4389,44,51744
4390,3,9304
4391,1,23285
4392,56,19814
4393,7,8151
4394,3,12186
4395,0,4327
4396,27,18028
4397,73,73671
4398,561,181523
4399,20,25504
4400,0,1546
4401,31,24884
4402,89,51607
4403,3,4204
4404,0,15424
4405,27,11609
4406,4,7361
4407,0,10213
4408,523,231317
4409,47,24198
4410,10,5903
4411,11,8502
4412,3,5984
4413,41,16381
4414,8,6960
4415,255,47336
4416,3,9499
4417,4,16813
4418,5,6921
4419,5,8266
4420,0,6763
4421,36,22484
4422,7,13327
4423,17,9759
4424,40,34261
4425,7,21006
4426,33,9489
4427,17,17693
4428,1080,229615
4429,0,17808
4430,8,5078
4431,0,4001
4432,182,57371
4433,12,12896
4434,67,46510
4435,21,13668
4436,6,11133
4437,39,24592
4438,0,14308
4439,0,9893
4440,0,79841
4441,214,83691
4442,6,4463
4443,0,4830
4444,32,19986
4445,45,22763
4446,105,29637
4447,14,10648
4448,37,16852
4449,0,15519
4450,110,39649
4451,294,81418
4452,4,7538
4453,2,2792
4454,121,23542
4455,563,128458
4456,6,8995
4457,0,2413
4458,59,17888
4459,0,2167
4460,63,13718
4461,8,9109
4462,11,3914
4463,86,13634
4464,3,2743
4465,363,63121
4466,190,17230
4467,10,9056
4468,4,2916
4469,416,37113
4470,28,16238
4471,25,6033
4472,3,5713
4473,440,76200
4474,411,85910
4475,6,1650
4476,103,13196
4477,3,8091
4478,264,41545
4479,67,6592
4480,1196,107661
4481,207,42785
4482,29,13257
4483,35,13674
4484,37,53826
4485,1126,229932
4486,25,11369
4487,4,7959
4488,19,11976
4489,147,5417
4490,112,11565
4491,862,101310
4492,554,42383
4493,353,48703
4494,2558,278932
4495,10,2500
4496,508,59719
4497,92,21346
4498,25,4160
4499,496,32139
4500,12,1390
4501,691,36601
4502,220,38014
4503,379,52961
4504,135,24621
4505,13357,1143082
4506,2235,156738
4507,210,26638
4508,79,13670
4509,472,45657
4510,49,7190
4511,254,36992
4512,128,20832
4513,87,14329
4514,24,8601
4515,3321,440527
4516,75,12986
4517,1046,70447
4518,50,7375
4519,3160,419727
4520,1999,289273
4521,206,28481
4522,959,165909
4523,19,3089
4524,312,29941
4525,1220,137179
4526,292,20106
4527,544,89280
4528,25,6530
4529,414,56696
4530,81,8325
4531,33,5365
4532,48,9874
4533,648,35922
4534,22,2574
4535,0,3267
4536,0,2972
4537,175,15759
4538,0,2346
4539,37,5613
4540,13,15120
4541,35,10584
4542,120,13175
4543,124,6551
4544,66,29741
4545,106,12980
4546,189,29447
4547,108,75397
4548,80,7172
4549,106,7272
4550,75,11534
4551,75,5435
4552,114,24902
4553,10,13341
4554,69,10691
4555,81,23700
4556,19,12821
4557,85,8684
4558,359,41965
4559,47,6404
4560,42,9137
4561,11,10205
4562,79,18887
4563,5,3460
4564,28,3368
4565,37,3948
4566,91,14562
4567,242,27824
4568,396,31259
4569,36,11682
4570,19,4100
4571,44,5571
4572,1,5323
4573,21,7337
4574,13,3693
4575,29,3639
4576,58,9949
4577,107,15965
4578,0,3043
4579,68,6251
4580,15,2603
4581,256,37634
4582,2,7607
4583,0,748
4584,0,1400
4585,2,324
4586,0,861
4587,0,800
4588,0,354
4589,0,904
4590,2,2266
4591,0,293
4592,1,500
4593,0,280
4594,0,552
4595,1,352
4596,0,242
4597,0,588
4598,0,573
4599,0,803
4600,0,380
4601,0,1348
4602,1,687
4603,0,396
4604,0,2071
4605,3,1786
4606,4,4669
4607,7,8418
4608,0,461
4609,0,182
4610,5,542
4611,0,264
4612,0,331
4613,2,608
4614,0,340
4615,0,236
4616,0,435
4617,0,711
4618,5,5266
4619,2,120
4620,0,513
4621,3,1650
4622,0,678
4623,1,995
4624,0,241
4625,0,731
4626,0,290
4627,0,45
4628,0,1192
4629,0,826
4630,0,124
4631,0,331
4632,1,1623
4633,2,3909
4634,0,868
4635,0,738
4636,94,40446
4637,4,2361
4638,0,825
4639,0,1028
4640,0,508
4641,0,975
4642,0,332
4643,0,426
4644,0,306
4645,0,366
4646,0,522
4647,0,570
4648,1,462
4649,0,302
4650,0,158
4651,0,569
4652,0,445
4653,0,1207
4654,2,1876
4655,5,4276
4656,1,356
4657,10,10482
4658,1,406
4659,0,646
4660,0,377
4661,0,454
4662,0,1747
4663,0,383
4664,0,525
4665,1,731
4666,4,658
4667,0,216
4668,1,650
4669,0,254
4670,0,371
4671,0,903
4672,0,221
4673,0,219
4674,1,1002
4675,2,2337
4676,2,677
4677,0,515
4678,0,960
4679,1,906
4680,1,365
4681,9,6858
4682,1,1163
4683,0,536
4684,0,730
4685,0,801
4686,2,852
4687,0,1572
4688,1,450
4689,0,280
4690,0,376
4691,1,2000
4692,1,736
4693,0,1509
4694,0,397
4695,0,234
4696,0,381
4697,0,584
4698,9,3228
4699,0,375
4700,0,84
4701,0,146
4702,1,388
4703,0,477
4704,0,450
4705,0,305
4706,0,743
4707,0,552
4708,0,530
4709,0,8493
4710,5,2498
4711,0,527
4712,0,370
4713,0,1589
4714,0,1010
4715,0,290
4716,0,55
4717,1,1153
4718,2,1813
4719,9,9689
4720,1,529
4721,0,357
4722,1,416
4723,21,14455
4724,9,4761
4725,1,310
4726,1,480
4727,0,508
4728,0,313
4729,0,522
4730,5,895
4731,3,2711
4732,1,791
4733,0,674
4734,0,254
4735,0,856
4736,2,720
4737,0,327
4738,0,1021
4739,0,92
4740,0,50
4741,0,657
4742,2,291
4743,0,357
4744,0,248
4745,1,460
4746,1,408
4747,0,426
4748,0,488
4749,3,923
4750,1,741
4751,1,847
4752,2,992
4753,0,408
4754,2,1740
4755,0,119
4756,1,1768
4757,0,168
4758,0,614
4759,0,205
4760,2,495
4761,0,271
4762,2,2176
4763,1,649
4764,8,3399
4765,0,63
4766,0,681
4767,0,1011
4768,1,386
4769,0,230
4770,1,607
4771,3,687
4772,0,225
4773,0,72
4774,0,798
4775,1,474
4776,2,1466
4777,0,207
4778,3,830
4779,2,803
4780,0,136
4781,0,539
4782,0,325
4783,1,622
4784,2,1736
4785,1,506
4786,0,1000
4787,1,461
4788,0,748
4789,0,668
4790,0,790
4791,4,1060
4792,0,284
4793,0,1878
4794,2,1007
4795,2,3009
4796,0,3266
4797,0,951
4798,0,1678
4799,8,28079
4800,8,4541
4801,4,901
4802,0,822
4803,1,1362
4804,0,254
4805,0,869
4806,5,7426
4807,0,517
4808,0,446
4809,0,133
4810,1,382
4811,0,412
4812,6,1285
4813,0,730
4814,5,4339
4815,1,781
4816,0,946
4817,1,487
4818,0,676
4819,0,652
4820,1,2128
4821,2,6045
4822,10,4117
4823,0,566
4824,0,577
4825,0,260
4826,0,63
4827,0,1046
4828,0,190
4829,0,1127
4830,0,708
4831,0,626
4832,1,471
4833,1,761
4834,0,554
4835,0,642
4836,1,1005
4837,19,16728
4838,2,583
4839,2,1179
4840,1,946
4841,0,405
4842,0,1230
4843,0,981
4844,0,328
4845,0,2679
4846,0,1175
4847,0,329
4848,0,175
4849,0,105
4850,0,660
4851,0,913
4852,0,259
4853,0,436
4854,1,376
4855,0,759
4856,0,352
4857,0,561
4858,0,625
4859,0,819
4860,0,474
4861,0,223
4862,0,144
4863,0,60
4864,0,79
4865,0,178
4866,0,1087
4867,0,174
4868,0,350
4869,11,8890
4870,6,4533
4871,0,1394
4872,4,845
4873,0,26
4874,3,2615
4875,0,740
4876,0,418
4877,0,403
4878,0,519
4879,0,2122
4880,1,164
4881,0,475
4882,0,431
4883,0,399
4884,2,1212
4885,7,1262
4886,0,242
4887,2,2088
4888,0,715
4889,0,162
4890,0,260
4891,5,7750
4892,0,740
4893,0,638
4894,1,653
4895,0,134
4896,0,339
4897,0,725
4898,0,272
4899,0,598
4900,0,263
4901,1,616
4902,4,3053
4903,1,508
4904,2,470
4905,2,640
4906,1,540
4907,1,548
4908,1,304
4909,0,870
4910,0,947
4911,0,159
4912,0,143
4913,0,253
4914,1,1677
4915,0,415
4916,5,1164
4917,0,554
4918,0,268
4919,2,2141
4920,1,217
4921,0,139
4922,0,855
4923,0,232
4924,0,201
4925,1,489
4926,1,287
4927,0,246
4928,0,169
4929,0,505
4930,0,815
4931,1,311
4932,3,502
4933,0,402
4934,0,636
4935,0,776
4936,0,260
4937,1,466
4938,1,3194
4939,0,441
4940,1,2363
4941,0,275
4942,0,1387
4943,0,1020
4944,0,43
4945,2,471
4946,0,506
4947,0,486
4948,0,828
4949,0,765
4950,0,550
4951,8,5283
4952,3,2646
4953,0,50
4954,0,200
4955,0,304
4956,2,844
4957,0,376
4958,0,92
4959,0,1412
4960,0,545
4961,0,259
4962,4,2779
4963,3,1135
4964,0,202
4965,2,509
4966,0,367
4967,3,1188
4968,7,9582
4969,3,1285
4970,1,532
4971,0,170
4972,0,51
4973,0,229
4974,0,427
4975,0,133
4976,0,635
4977,3,1937
4978,0,189
4979,0,323
4980,0,667
4981,0,628
4982,0,467
4983,0,766
4984,0,922
4985,1,1054
4986,0,531
4987,0,680
4988,1,438
4989,0,1824
4990,0,1162
4991,0,340
4992,0,391
4993,1,1632
4994,0,1081
4995,0,512
4996,0,136
4997,5,7384
4998,2,1851
4999,11,5094
5000,18,6118
5001,9,3989
5002,1,3238
5003,0,1152
5004,0,1006
5005,0,550
5006,0,265
5007,2,1403
5008,0,1397
5009,17,14845
5010,0,195
5011,0,313
5012,0,696
5013,0,362
5014,1,247
5015,0,230
5016,0,332
5017,1,621
5018,0,263
5019,1,2825
5020,2,1109
5021,0,343
5022,0,247
5023,0,516
5024,0,1601
5025,0,261
5026,9,2333
5027,1,493
5028,0,144
5029,0,354
5030,0,162
5031,0,507
5032,0,171
5033,0,498
5034,0,399
5035,1,372
5036,0,1349
5037,4,3521
5038,0,928
5039,0,369
5040,0,1026
5041,0,457
5042,2,293
5043,0,1492
5044,2,2618
5045,0,2227
5046,0,936
5047,0,214
5048,1,455
5049,0,658
5050,0,786
5051,3,3068
5052,9,2924
5053,1,1124
5054,0,281
5055,0,542
5056,65,40625
5057,0,511
5058,0,807
5059,0,453
5060,1,691
5061,0,482
5062,0,713
5063,0,230
5064,2,844
5065,2,3502
5066,0,439
5067,2,524
5068,0,297
5069,2,1148
5070,0,498
5071,0,418
5072,1,116
5073,0,661
5074,0,881
5075,0,88
5076,0,422
5077,0,911
5078,0,381
5079,0,728
5080,0,233
5081,0,791
5082,10,5312
5083,0,515
5084,0,1134
5085,0,347
5086,0,2165
5087,1,1759
5088,0,781
5089,4,4580
5090,0,425
5091,0,340
5092,0,459
5093,1,661
5094,0,191
5095,0,528
5096,1,208
5097,0,888
5098,0,611
5099,0,1973
5100,0,237
5101,0,256
5102,1,274
5103,3,2883
5104,0,451
5105,0,286
5106,0,297
5107,1,819
5108,0,1139
5109,4,3463
5110,2,307
5111,0,792
5112,0,1087
5113,0,102
5114,0,1472
5115,0,365
5116,0,242
5117,0,170
5118,0,748
5119,0,192
5120,0,848
5121,0,1056
5122,1,993
5123,3,1284
5124,0,1323
5125,2,2574
5126,2,2304
5127,0,209
5128,0,0
5129,1,1312
5130,1,262
5131,1,77
5132,0,143
5133,0,148
5134,1,694
5135,0,61
5136,53,18779
5137,0,387
5138,0,620
5139,4,1436
5140,20,21343
5141,3,2518
5142,7,1324
5143,0,502
5144,0,136
5145,0,706
5146,1,206
5147,0,391
5148,0,296
5149,1,275
5150,0,681
5151,1,6790
5152,0,604
5153,0,74
5154,0,370
5155,0,447
5156,0,632
5157,12,11296
5158,1,926
5159,1,818
5160,11,4937
5161,0,418
5162,0,351
5163,0,194
5164,0,185
5165,1,649
5166,0,808
5167,39,23212
5168,0,445
5169,0,662
5170,0,350
5171,0,603
5172,4,1434
5173,0,1406
5174,0,244
5175,5,4001
5176,0,309
5177,0,527
5178,0,547
5179,0,488
5180,0,443
5181,0,303
5182,0,1581
5183,0,193
5184,0,92
5185,2,2607
5186,0,1116
5187,2,980
5188,0,248
5189,1,885
5190,1,428
5191,3,1097
5192,0,288
5193,0,5296
5194,8,3596
5195,0,134
5196,1,485
5197,5,1602
5198,1,706
5199,0,94
5200,0,206
5201,0,1229
5202,40,14095
5203,0,181
5204,0,1000
5205,0,850
5206,0,649
5207,0,653
5208,0,684
5209,0,220
5210,0,269
5211,1,500
5212,0,312
5213,0,251
5214,15,8883
5215,0,401
5216,0,44
5217,0,235
5218,0,715
5219,0,469
5220,0,662
5221,0,472
5222,1,395
5223,0,291
5224,0,197
5225,0,585
5226,11,8456
5227,3,3165
5228,20,14058
5229,4,5090
5230,0,389
5231,0,469
5232,0,285
5233,0,290
5234,0,1238
5235,0,457
5236,0,560
5237,0,179
5238,0,721
5239,0,712
5240,0,128
5241,0,314
5242,35,47620
5243,0,1506
5244,0,1014
5245,9,9436
5246,4,1400
5247,21,21703
5248,1,447
5249,1,672
5250,0,219
5251,0,690
5252,0,823
5253,0,325
5254,0,386
5255,0,629
5256,8,8366
5257,0,603
5258,0,400
5259,0,226
5260,0,268
5261,0,1087
5262,1,164
5263,0,234
5264,0,238
5265,0,129
5266,0,103
5267,0,128
5268,0,646
5269,5,4847
5270,0,125
5271,0,313
5272,0,521
5273,4,611
5274,1,1642
5275,0,459
5276,0,1093
5277,0,1672
5278,0,400
5279,1,245
5280,0,364
5281,0,187
5282,1,474
5283,0,259
5284,0,142
5285,0,1794
5286,1,392
5287,2,499
5288,14,9120
5289,0,327
5290,0,644
5291,0,233
5292,0,301
5293,8,9629
5294,2,2466
5295,0,576
5296,0,443
5297,8,6445
5298,0,404
5299,0,169
5300,0,165
5301,0,80
5302,0,654
5303,0,383
5304,2,1245
5305,4,2187
5306,0,648
5307,0,549
5308,0,954
5309,0,734
5310,0,489
5311,0,257
5312,1,252
5313,3,814
5314,0,439
5315,1,1198
5316,0,216
5317,0,435
5318,1,510
5319,0,187
5320,0,255
5321,0,499
5322,0,449
5323,0,648
5324,3,268
5325,0,107
5326,0,249
5327,0,692
5328,0,417
5329,0,260
5330,1,245
5331,0,348
5332,1,257
5333,8,6615
5334,0,1046
5335,3,2992
5336,3,1648
5337,0,161
5338,4,6892
5339,0,443
5340,0,343
5341,0,285
5342,0,492
5343,0,2182
5344,1,692
5345,1,1927
5346,0,359
5347,8,13065
5348,0,520
5349,1,2162
5350,0,1222
5351,0,134
5352,19,9213
5353,12,5989
5354,0,373
5355,0,379
5356,0,3583
5357,1,885
5358,0,495
5359,1,813
5360,0,679
5361,2,963
5362,0,98
5363,0,341
5364,1,524
5365,0,34
5366,0,735
5367,0,663
5368,0,571
5369,0,867
5370,0,126
5371,1,309
5372,1,413
5373,0,176
5374,0,346
5375,0,3239
5376,0,775
5377,0,744
5378,5,5372
5379,3,2839
5380,1,643
5381,3,403
5382,1,1446
5383,37,35431
5384,3,2599
5385,0,732
5386,2,4215
5387,0,1392
5388,0,331
5389,0,711
5390,0,393
5391,1,1933
5392,1,322
5393,1,497
5394,0,370
5395,0,154
5396,0,216
5397,2,1145
5398,5,9857
5399,0,859
5400,0,600
5401,1,186
5402,0,285
5403,0,193
5404,0,235
5405,0,87
5406,1,207
5407,31,47028
5408,1,2718
5409,0,826
5410,1,1582
5411,0,244
5412,0,317
5413,7,2464
5414,0,435
5415,0,357
5416,12,4685
5417,0,719
5418,0,204
5419,0,326
5420,0,24
5421,0,1278
5422,0,264
5423,0,212
5424,0,131
5425,3,1396
5426,0,223
5427,1,1462
5428,0,168
5429,0,2420
5430,0,1339
5431,7,5210
5432,3,1772
5433,0,237
5434,44,29111
5435,1,1516
5436,0,409
5437,1,4385
5438,0,222
5439,3,1470
5440,0,364
5441,0,1253
5442,6,1716
5443,0,790
5444,0,779
5445,0,1442
5446,8,4791
5447,2,4296
5448,0,674
5449,0,672
5450,7,4128
5451,3,1584
5452,0,791
5453,0,461
5454,0,785
5455,0,692
5456,0,658
5457,1,1210
5458,0,183
5459,1,1045
5460,3,2174
5461,1,708
5462,0,330
5463,0,1386
5464,3,695
5465,0,317
5466,1,526
5467,0,805
5468,0,201
5469,1,1054
5470,11,4544
5471,0,182
5472,0,1003
5473,3,1020
5474,9,5918
5475,0,528
5476,0,1002
5477,0,297
5478,0,472
5479,0,1005
5480,0,174
5481,0,695
5482,0,1012
5483,0,614
5484,0,827
5485,0,288
5486,0,770
5487,0,278
5488,1,865
5489,0,534
5490,0,213
5491,5,1667
5492,0,405
5493,0,354
5494,0,710
5495,3,1949
5496,1,91
5497,0,208
5498,0,197
5499,0,134
5500,0,208
5501,0,717
5502,1,597
5503,1,536
5504,0,500
5505,1,1473
5506,0,368
5507,0,1868
5508,0,1028
5509,0,997
5510,0,268
5511,0,459
5512,0,457
5513,0,1767
5514,0,812
5515,1,573
5516,16,7759
5517,0,0
5518,0,657
5519,0,6853
5520,0,891
5521,0,169
5522,0,273
5523,0,638
5524,4,3775
5525,0,873
5526,0,350
5527,5,2092
5528,0,2348
5529,0,153
5530,0,236
5531,0,1484
5532,0,726
5533,0,442
5534,0,0
5535,3,489
5536,0,253
5537,0,201
5538,3,171
5539,0,715
5540,0,751
5541,0,632
5542,0,285
5543,0,60
5544,0,475
5545,0,622
5546,0,614
5547,2,699
5548,0,1510
5549,1,961
5550,0,871
5551,0,1057
5552,1,259
5553,0,297
5554,0,116
5555,0,81
5556,0,2203
5557,2,6399
5558,0,314
5559,0,256
5560,0,214
5561,1,1343
5562,0,397
5563,356,174156
5564,0,457
5565,0,86
5566,1,409
5567,0,1792
5568,2,525
5569,0,706
5570,0,419
5571,0,488
5572,0,568
5573,15,17408
5574,0,701
5575,0,1600
5576,0,464
5577,1,1091
5578,0,354
5579,0,531
5580,0,503
5581,2,587
5582,0,180
5583,0,566
5584,0,427
5585,1,698
5586,1,941
5587,0,561
5588,0,259
5589,0,185
5590,0,302
5591,0,4954
5592,0,270
5593,0,264
5594,0,681
5595,2,1383
5596,0,758
5597,0,122
5598,0,353
5599,3,2098
5600,0,321
5601,0,257
5602,0,754
5603,13,10313
5604,0,529
5605,2,802
5606,0,57
5607,0,182
5608,0,609
5609,0,183
5610,3,1892
5611,0,214
5612,0,402
5613,4,3033
5614,1,1111
5615,0,742
5616,0,157
5617,0,97
5618,1,510
5619,1,1166
5620,2,2275
5621,1,1639
5622,0,906
5623,0,986
5624,2,731
5625,0,333
5626,0,297
5627,0,270
5628,0,52
5629,4,9550
5630,3,1583
5631,44,26366
5632,8,8159
5633,0,2004
5634,0,302
5635,66,17691
5636,2,1202
5637,2,4887
5638,5,1853
5639,0,231
5640,0,342
5641,1,951
5642,0,2467
5643,10,6137
5644,0,110
5645,0,476
5646,0,586
5647,16,14691
5648,12,4983
5649,0,310
5650,2,757
5651,0,166
5652,0,429
5653,0,114
5654,0,492
5655,0,798
5656,0,99
5657,0,379
5658,2,3458
5659,4,2104
5660,432,248967
5661,0,1590
5662,0,649
5663,2,3653
5664,0,289
5665,0,755
5666,1,864
5667,2,813
5668,1,838
5669,0,178
5670,0,215
5671,0,1445
5672,0,294
5673,0,192
5674,6,5973
5675,0,329
5676,11,5516
5677,0,791
5678,0,152
5679,0,788
5680,2,763
5681,0,364
5682,0,675
5683,0,81
5684,3,915
5685,1,505
5686,0,763
5687,0,678
5688,0,258
5689,0,1015
5690,0,335
5691,0,422
5692,0,512
5693,2,2661
5694,1,1446
5695,0,288
5696,1,630
5697,0,356
5698,0,101
5699,0,110
5700,5,5132
5701,0,293
5702,0,850
5703,0,427
5704,17,17622
5705,0,103
5706,1,1924
5707,5,5417
5708,7,5562
5709,0,137
5710,0,658
5711,0,383
5712,22,17885
5713,0,310
5714,0,449
5715,1,1426
5716,0,963
5717,0,713
5718,0,284
5719,0,504
5720,0,1482
5721,8,15802
5722,3,2464
5723,1,1201
5724,0,943
5725,0,1230
5726,0,190
5727,0,351
5728,0,105
5729,0,374
5730,0,493
5731,1,226
5732,1,423
5733,0,580
5734,1,1048
5735,0,282
5736,28,27732
5737,2,2028
5738,0,718
5739,0,545
5740,0,1019
5741,0,292
5742,1,1456
5743,1,1002
5744,0,420
5745,0,408
5746,4,1894
5747,0,931
5748,0,503
5749,2,732
5750,6,3716
5751,0,117
5752,0,414
5753,0,6205
5754,0,1450
5755,0,269
5756,0,871
5757,1,586
5758,0,138
5759,0,1065
5760,0,653
5761,0,169
5762,0,293
5763,0,372
5764,1,2624
5765,0,296
5766,5,2591
5767,0,319
5768,2,1547
5769,0,216
5770,4,5578
5771,4,589
5772,28,21839
5773,0,153
5774,0,439
5775,0,661
5776,1,475
5777,0,579
5778,2,702
5779,1,1704
5780,0,748
5781,1,791
5782,2,2243
5783,0,266
5784,15,13087
5785,10,6402
5786,1,418
5787,0,2345
5788,0,867
5789,1,1541
5790,0,800
5791,0,104
5792,0,458
5793,0,221
5794,0,269
5795,0,276
5796,2,2060
5797,2,1758
5798,15,11867
5799,8,3835
5800,6,2309
5801,0,243
5802,0,2069
5803,0,310
5804,10,7674
5805,2,2315
5806,0,859
5807,0,107
5808,2,324
5809,1,846
5810,0,1290
5811,0,1644
5812,0,2055
5813,33,31700
5814,1,1731
5815,0,1027
5816,0,463
5817,0,2734
5818,0,323
5819,2,269
5820,0,414
5821,1,464
5822,0,315
5823,0,592
5824,2,1901
5825,1,947
5826,3,1880
5827,0,1026
5828,0,862
5829,2,1182
5830,0,459
5831,0,1005
5832,6,1182
5833,0,753
5834,0,432
5835,0,74
5836,1,84
5837,0,181
5838,0,220
5839,0,109
5840,0,1780
5841,0,577
5842,0,586
5843,0,112
5844,0,944
5845,0,466
5846,0,505
5847,1,529
5848,2,95
5849,0,136
5850,0,1694
5851,5,2646
5852,15,11320
5853,3,5160
5854,0,952
5855,0,719
5856,0,48
5857,0,483
5858,0,431
5859,0,213
5860,0,153
5861,0,394
5862,2,1756
5863,2,1207
5864,0,740
5865,0,1931
5866,0,484
5867,0,466
5868,0,414
5869,1,296
5870,10,5682
5871,0,921
5872,25,13740
5873,2,2324
5874,5,2802
5875,0,369
5876,0,439
5877,6,8127
5878,0,966
5879,0,328
5880,0,469
5881,0,409
5882,1,774
5883,5,5353
5884,2,2138
5885,0,668
5886,0,2913
5887,0,386
5888,0,34
5889,5,4701
5890,0,1066
5891,0,824
5892,0,700
5893,1,1224
5894,0,713
5895,0,477
5896,3,8083
5897,0,1137
5898,0,285
5899,0,428
5900,2,483
5901,0,158
5902,0,185
5903,0,847
5904,0,895
5905,1,1522
5906,2,576
5907,3,2711
5908,0,565
5909,2,2743
5910,1,707
5911,0,233
5912,0,351
5913,0,1091
5914,0,330
5915,0,289
5916,2,0
5917,0,640
5918,0,886
5919,0,503
5920,0,140
5921,0,541
5922,4,689
5923,1,1092
5924,0,2217
5925,0,202
5926,1,856
5927,47,31832
5928,0,96
5929,0,284
5930,1,2210
5931,1,995
5932,0,453
5933,0,990
5934,0,489
5935,2,2816
5936,0,207
5937,2,1566
5938,1,534
5939,0,939
5940,1,534
5941,7,5185
5942,1,723
5943,0,623
5944,0,407
5945,2,790
5946,1,157
5947,0,194
5948,0,121
5949,0,1566
5950,1,3904
5951,0,627
5952,0,430
5953,0,451
5954,5,4770
5955,0,0
5956,1,4620
5957,0,1789
5958,0,95
5959,7,8868
5960,0,994
5961,1,279
5962,0,739
5963,0,120
5964,1,2449
5965,3,2623
5966,0,1204
5967,1,1239
5968,0,310
5969,0,128
5970,0,290
5971,0,407
5972,0,427
5973,4,512
5974,0,1157
5975,0,649
5976,4,3929
5977,2,866
5978,5,9156
5979,0,1609
5980,6,1181
5981,0,647
5982,0,1258
5983,1,2644
5984,2,1579
5985,0,557
5986,0,423
5987,0,614
5988,0,141
5989,0,286
5990,0,469
5991,1,1242
5992,0,431
5993,1,633
5994,0,221
5995,3,917
5996,2,2551
5997,0,145
5998,0,198
5999,2,423
6000,0,626
6001,0,442
6002,0,265
6003,0,93
6004,2,3310
6005,0,865
6006,1,1266
6007,0,913
6008,1,1614
6009,0,278
6010,0,279
6011,3,656
6012,0,1104
6013,0,331
6014,0,302
6015,0,396
6016,0,660
6017,1,355
6018,0,228
6019,0,1414
6020,0,316
6021,3,1399
6022,0,756
6023,4,5816
6024,0,1571
6025,0,3045
6026,0,459
6027,0,260
6028,1,412
6029,0,320
6030,4,8953
6031,0,638
6032,0,535
6033,0,370
6034,0,356
6035,0,645
6036,2,3193
6037,0,281
6038,1,2110
6039,3,2668
6040,0,1292
6041,1,700
6042,0,237
6043,0,218
6044,0,729
6045,1,1372
6046,0,558
6047,0,306
6048,0,1216
6049,2,2603
6050,1,489
6051,0,399
6052,0,270
6053,0,892
6054,0,53
6055,0,1224
6056,0,141
6057,0,587
6058,0,237
6059,0,301
6060,1,672
6061,6,2184
6062,0,212
6063,1,2258
6064,0,180
6065,0,1995
6066,1,791
6067,0,82
6068,1,1468
6069,1,776
6070,1,586
6071,5,4561
6072,24,23470
6073,13,5557
6074,4,5232
6075,1,1200
6076,2,3227
6077,0,288
6078,0,129
6079,0,802
6080,0,305
6081,1,352
6082,0,649
6083,0,224
6084,0,1032
6085,0,458
6086,4,2319
6087,0,169
6088,1,377
6089,0,381
6090,0,478
6091,30,9294
6092,3,1643
6093,0,634
6094,0,184
6095,0,663
6096,0,689
6097,0,433
6098,0,421
6099,0,446
6100,3,662
6101,4,831
6102,1,285
6103,2,4157
6104,3,491
6105,0,297
6106,0,417
6107,0,715
6108,17,5222
6109,2,568
6110,3,1828
6111,4,3140
6112,0,90
6113,0,86
6114,0,420
6115,12,11308
6116,0,209
6117,1,4536
6118,1,1964
6119,1,981
6120,0,955
6121,0,374
6122,0,236
6123,4,1255
6124,3,551
6125,0,1098
6126,0,310
6127,5,1526
6128,3,1949
6129,0,279
6130,1,553
6131,0,609
6132,0,1000
6133,0,1276
6134,0,584
6135,0,396
6136,3,1563
6137,0,335
6138,0,460
6139,0,824
6140,0,454
6141,1,819
6142,0,962
6143,0,550
6144,0,418
6145,0,1579
6146,0,1115
6147,0,530
6148,0,590
6149,0,236
6150,0,395
6151,2,2455
6152,0,414
6153,4,2545
6154,0,470
6155,0,341
6156,0,270
6157,0,1765
6158,0,67
6159,38,14481
6160,0,972
6161,0,147
6162,0,464
6163,2,1052
6164,0,70
6165,0,163
6166,0,1999
6167,0,503
6168,0,347
6169,13,8639
6170,0,938
6171,0,187
6172,0,816
6173,0,581
6174,0,360
6175,12,5755
6176,2,597
6177,6,3039
6178,16,8769
6179,0,1324
6180,7,2596
6181,0,390
6182,7,1576
6183,1,701
6184,0,431
6185,0,107
6186,7,4115
6187,0,474
6188,1,597
6189,0,568
6190,1,454
6191,23,22281
6192,0,1605
6193,27,13565
6194,0,446
6195,0,1524
6196,0,250
6197,9,8136
6198,0,520
6199,0,271
6200,0,685
6201,0,166
6202,2,1717
6203,3,3377
6204,0,183
6205,0,215
6206,0,1110
6207,1,848
6208,1,715
6209,0,2247
6210,3,459
6211,3,845
6212,0,372
6213,0,1848
6214,0,372
6215,0,380
6216,2,1017
6217,0,112
6218,12,4357
6219,1,873
6220,2,1905
6221,0,334
6222,0,58
6223,0,857
6224,1,638
6225,0,716
6226,0,1160
6227,0,113
6228,2,787
6229,0,1174
6230,0,3381
6231,2,1106
6232,0,156
6233,3,3872
6234,0,517
6235,3,1669
6236,0,172
6237,0,1635
6238,0,486
6239,1,407
6240,6,3837
6241,0,279
6242,3,6078
6243,1,1150
6244,1,524
6245,0,291
6246,0,731
6247,9,1657
6248,0,379
6249,2,1349
6250,0,245
6251,0,476
6252,0,130
6253,2,3008
6254,0,344
6255,0,184
6256,0,347
6257,0,570
6258,0,382
6259,0,928
6260,1,567
6261,1,423
6262,2,1132
6263,0,658
6264,2,5539
6265,8,9841
6266,1,1560
6267,0,321
6268,0,1059
6269,0,139
6270,1,1291
6271,0,356
6272,5,2568
6273,0,1165
6274,0,520
6275,0,462
6276,1,312
6277,0,307
6278,1,2017
6279,3,1551
6280,3,1038
6281,0,236
6282,3,1201
6283,1,407
6284,0,267
6285,0,635
6286,1,1323
6287,0,401
6288,1,165
6289,1,651
6290,11,5061
6291,0,527
6292,0,320
6293,0,274
6294,0,416
6295,2,1211
6296,3,1239
6297,2,3855
6298,0,4628
6299,0,364
6300,1,1966
6301,0,631
6302,12,12614
6303,0,1355
6304,0,498
6305,0,220
6306,0,264
6307,0,627
6308,82,40355
6309,14,6158
6310,0,328
6311,3,10353
6312,0,3284
6313,0,746
6314,0,4803
6315,0,931
6316,20,19391
6317,1,1474
6318,1,275
6319,0,830
6320,0,939
6321,1,849
6322,57,32214
6323,1,349
6324,0,258
6325,0,262
6326,2,1618
6327,0,402
6328,0,338
6329,0,403
6330,0,243
6331,0,300
6332,0,333
6333,1,2067
6334,40,30564
6335,0,817
6336,27,18850
6337,5,3445
6338,0,467
6339,2,1275
6340,0,601
6341,0,522
6342,0,311
6343,0,862
6344,0,280
6345,2,814
6346,0,273
6347,0,1667
6348,0,351
6349,0,374
6350,11,8436
6351,0,419
6352,3,1533
6353,0,3337
6354,4,3180
6355,1,479
6356,0,926
6357,0,358
6358,0,138
6359,1,2196
6360,0,408
6361,1,1850
6362,0,138
6363,30,9923
6364,0,767
6365,0,178
6366,0,487
6367,0,59
6368,0,596
6369,0,286
6370,12,5649
6371,0,968
6372,0,1111
6373,0,462
6374,0,444
6375,0,38
6376,1,327
6377,2,2051
6378,1,303
6379,0,470
6380,0,320
6381,0,246
6382,0,267
6383,0,89
6384,0,129
6385,0,2489
6386,0,252
6387,0,306
6388,1,398
6389,1,1299
6390,5,1242
6391,7,6209
6392,0,591
6393,0,191
6394,1,1648
6395,1,1926
6396,0,178
6397,0,668
6398,3,481
6399,1,1448
6400,14,9219
6401,0,272
6402,0,328
6403,0,462
6404,0,534
6405,0,569
6406,0,932
6407,1,357
6408,0,408
6409,0,492
6410,0,607
6411,1,450
6412,0,52
6413,0,101
6414,0,684
6415,1,580
6416,1,1429
6417,0,570
6418,0,770
6419,2,1098
6420,0,285
6421,3,2144
6422,0,1309
6423,0,208
6424,0,73
6425,0,372
6426,0,1180
6427,0,252
6428,0,210
6429,0,371
6430,1,468
6431,0,745
6432,0,2187
6433,0,31
6434,34,17993
6435,1,5788
6436,25,18450
6437,0,6446
6438,0,6780
6439,0,4368
6440,13,17396
6441,3,6214
6442,3,2643
6443,4,4955
6444,67,43607
6445,17,10940
6446,52,34206
6447,1,1244
6448,23,16876
6449,6,4805
6450,37,16577
6451,10,4972
6452,12,16819
6453,22,13424
6454,11,9170
6455,0,3917
6456,0,3533
