region_id,total_provisional_ballots_cast
1,127
2,1248
3,99
4,38
5,286
6,5
7,40
8,325
9,52
10,82
11,55
12,9
13,45
14,0
15,6
16,94
17,239
18,16
19,19
20,74
21,33
22,68
23,20
24,26
25,89
26,108
27,87
28,595
29,25
30,2
31,23
32,1
33,28
34,27
35,329
36,36
37,847
38,11
39,277
40,97
41,0
42,665
43,22
44,79
45,789
46,68
47,23
48,249
49,3011
50,0
51,706
52,345
53,17
54,15
55,47
56,8
57,36
58,864
59,0
60,14
61,159
62,53
63,350
64,154
65,46
66,29
67,18
68,15138
69,3525
70,648
71,1619
72,382
73,102
74,46
75,636
76,25925
77,2405
78,1287
79,6849
80,3664
81,376
82,1260
83,1187
84,11
85,14
86,21
87,1011
88,60
89,10
90,28
91,206
92,13
93,0
94,72
95,2
96,5
97,71
98,115
99,498
100,153
101,192
102,87
103,1
104,0
105,10
106,284
107,89
108,21
109,178
110,4
111,154
112,77
113,67
114,0
115,51
116,0
117,15
118,0
119,85
120,0
121,0
122,5
123,16
124,11
125,137
126,113
127,17
128,29
129,0
130,4
131,1
132,4
133,61
134,0
135,5
136,8
137,44
138,0
139,122
140,113
141,157
142,10
143,1251
144,35
145,7
146,54
147,25
148,0
149,226
150,3
151,7
152,70
153,36
154,28
155,693
156,146
157,17
158,25
159,0
160,13
161,4195
162,162
163,11361
164,23
165,1524
166,6794
167,248
168,1431
169,5578
170,224
171,8019
172,1098
173,1464
174,348
175,11826
176,1127
177,2388
178,189
179,2317
180,2806
181,149
182,249
183,8339
184,17
185,1180
186,38804
187,4818
188,92
189,34635
190,16305
191,5
192,21640
193,43648
194,19081
195,2411
196,5426
197,4960
198,6280
199,16274
200,4486
201,2455
202,9
203,112
204,8270
205,4861
206,4732
207,896
208,856
209,45
210,1347
211,485
212,3593
213,5238
214,1129
215,1007
216,34
217,0
218,1
219,56
220,3
221,0
222,0
223,12
224,2
225,0
226,1
227,2
228,0
229,0
230,0
231,0
232,0
233,88
234,4
235,39
236,2
237,0
238,55
239,2
240,10
241,2
242,0
243,2
244,0
245,0
246,0
247,66
248,0
249,2
250,0
251,4
252,20
253,0
254,1
255,0
256,8
257,0
258,5
259,1
260,1
261,0
262,2
263,0
264,4
265,0
266,1
267,0
268,8
269,1
270,2
271,7
272,0
273,0
274,3
275,0
276,10
277,1
278,0
279,16
280,0
281,0
282,20
283,0
284,0
285,0
286,0
287,0
288,0
289,0
290,0
291,0
292,0
293,0
294,0
295,0
296,0
297,0
298,0
299,0
300,1
301,0
302,0
303,0
304,0
305,0
306,0
307,2
308,0
309,1
310,0
311,0
312,0
313,4
314,0
315,0
316,2
317,11
318,0
319,0
320,0
321,0
322,0
323,0
324,0
325,0
326,0
327,0
328,0
329,1
330,0
331,2
332,0
333,2
334,0
335,0
336,0
337,0
338,0
339,0
340,0
341,0
342,0
343,0
344,0
345,0
346,0
347,0
348,2
349,0
350,0
351,0
352,0
353,0
354,0
355,0
356,0
357,0
358,0
359,0
360,0
361,0
362,10
363,0
364,0
365,0
366,0
367,0
368,0
369,0
370,0
371,0
372,0
373,0
374,0
375,0
376,0
377,0
378,0
379,0
380,0
381,0
382,0
383,0
384,1
385,0
386,0
387,0
388,0
389,0
390,0
391,1
392,0
393,1
394,0
395,1
396,0
397,0
398,0
399,0
400,1
401,0
402,0
403,0
404,0
405,3
406,1
407,2
408,0
409,1
410,0
411,0
412,0
413,0
414,0
415,0
416,0
417,0
418,0
419,0
420,0
421,0
422,0
423,0
424,0
425,0
426,0
427,0
428,0
429,0
430,0
431,0
432,0
433,0
434,0
435,0
436,2
437,0
438,0
439,0
440,0
441,0
442,0
443,0
444,0
445,0
446,0
447,0
448,0
449,1
450,44
451,2
452,158
453,1015
454,398
455,2
456,399
457,28
458,541
459,1035
460,13
461,371
462,402
463,72
464,398
465,71
466,16
467,3
468,1830
469,516
470,352
471,1
472,30
473,3
474,3
475,20
476,18
477,25
478,25
479,232
480,143
481,2767
482,5
483,107
484,67
485,10
486,15
487,313
488,950
489,859
490,91
491,2
492,16
493,435
494,209
495,222
496,678
497,80
498,240
499,332
500,18
501,661
502,862
503,570
504,554
505,672
506,1456
507,75
508,271
509,330
510,534
511,625
512,159
513,7
514,36
515,37
516,4
517,641
518,49
519,176
520,13
521,0
522,3
523,2
524,8
525,5
526,6
527,9
528,45
529,9
530,5
531,210
532,0
533,3
534,16
535,50
536,70
537,7
538,3
539,3
540,8
541,0
542,55
543,16
544,6
545,251
546,0
547,8
548,73
549,54
550,2
551,284
552,0
553,518
554,42
555,13
556,129
557,0
558,28
559,10
560,3
561,26
562,4
563,20
564,605
565,3
566,2
567,40
568,102
569,2
570,0
571,29
572,17
573,23
574,2
575,45
576,51
577,0
578,152
579,3
580,2061
581,23
582,0
583,26
584,29
585,3
586,1
587,791
588,17
589,48
590,6
591,5
592,19
593,0
594,1
595,77
596,71
597,1
598,53
599,13
600,0
601,21
602,0
603,0
604,4
605,0
606,1
607,0
608,8
609,8
610,19
611,9
612,644
613,16
614,0
615,6
616,0
617,18
618,0
619,21
620,1
621,3
622,2
623,3
624,4
625,0
626,166
627,19
628,3
629,22
630,58
631,0
632,5
633,0
634,17
635,6
636,3
637,0
638,8
639,1
640,1
641,154
642,31
643,1
644,0
645,23
646,11
647,12
648,15
649,6
650,0
651,3
652,10
653,20
654,0
655,1
656,16
657,14
658,16
659,3
660,4
661,36
662,6
663,1
664,10
665,27
666,15
667,25
668,0
669,4
670,15
671,5
672,2
673,0
674,8
675,18
676,0
677,13
678,1
679,2
680,0
681,0
682,0
683,0
684,0
685,0
686,0
687,0
688,0
689,0
690,0
691,0
692,0
693,0
694,0
695,0
696,0
697,0
698,0
699,0
700,0
701,0
702,0
703,0
704,0
705,0
706,0
707,0
708,0
709,0
710,0
711,0
712,0
713,0
714,0
715,0
716,0
717,0
718,0
719,0
720,0
721,0
722,0
723,0
724,0
725,0
726,0
727,0
728,0
729,20
730,1
731,0
732,12
733,0
734,0
735,5
736,2
737,0
738,147
739,14
740,0
741,0
742,69
743,0
744,1174
745,0
746,1
747,1
748,0
749,1
750,194
751,0
752,2
753,13
754,29
755,0
756,1
757,0
758,0
759,0
760,0
761,7
762,98
763,15
764,0
765,0
766,0
767,1
768,67
769,0
770,4
771,1
772,18
773,0
774,149
775,2
776,72
777,1
778,1319
779,102
780,0
781,0
782,12
783,2
784,0
785,737
786,100
787,63
788,28
789,106
790,11
791,0
792,4
793,0
794,0
795,0
796,3
797,0
798,0
799,10
800,6096
801,32
802,470
803,0
804,10
805,3
806,0
807,0
808,0
809,0
810,0
811,2
812,200
813,0
814,213
815,1
816,0
817,7
818,0
819,0
820,0
821,0
822,0
823,2
824,9
825,0
826,0
827,0
828,0
829,29
830,1407
831,4
832,354
833,3
834,9
835,32
836,133
837,52
838,237
839,45
840,7
841,4
842,4
843,75
844,13
845,12
846,36
847,5
848,19
849,12
850,0
851,23
852,1
853,8
854,18
855,10
856,204
857,0
858,27
859,29
860,0
861,7
862,51
863,38
864,37
865,180
866,82
867,147
868,169
869,1
870,61
871,2
872,0
873,2
874,5
875,6
876,4
877,79
878,24
879,0
880,7
881,454
882,59
883,37
884,242
885,2057
886,23
887,18
888,7
889,390
890,18
891,5
892,5
893,0
894,8
895,11
896,35
897,6
898,20
899,47
900,69
901,0
902,13
903,5
904,20
905,0
906,0
907,523
908,0
909,0
910,11
911,11
912,53
913,1
914,0
915,136
916,0
917,13
918,96
919,0
920,66
921,35
922,0
923,20
924,5
925,2
926,15
927,1
928,0
929,0
930,0
931,4
932,0
933,0
934,2
935,43
936,6
937,47
938,28
939,8
940,7
941,0
942,4
943,1
944,2
945,41
946,0
947,9
948,8
949,8
950,8
951,0
952,6
953,40
954,1
955,7
956,13
957,25
958,0
959,9
960,9
961,3
962,17
963,4
964,1
965,6
966,9
967,8
968,8
969,4
970,18
971,1
972,3
973,1
974,1
975,3
976,6
977,7
978,0
979,8
980,68
981,0
982,0
983,13
984,10
985,77
986,4
987,1
988,1
989,6
990,29
991,3
992,8
993,33
994,40
995,3
996,1
997,1
998,29
999,5
1000,3
1001,7
1002,2
1003,4
1004,6
1005,101
1006,16
1007,23
1008,2
1009,3
1010,52
1011,8
1012,52
1013,101
1014,0
1015,1
1016,8
1017,0
1018,21
1019,34
1020,7
1021,0
1022,19
1023,3
1024,1
1025,65
1026,0
1027,0
1028,120
1029,101
1030,136
1031,71
1032,188
1033,192
1034,127
1035,819
1036,16
1037,27
1038,280
1039,24
1040,27
1041,167
1042,121
1043,94
1044,40
1045,505
1046,529
1047,31
1048,316
1049,92
1050,2427
1051,35
1052,35
1053,304
1054,98
1055,669
1056,400
1057,451
1058,711
1059,21
1060,32
1061,100
1062,48
1063,6
1064,54
1065,34
1066,105
1067,530
1068,65
1069,42
1070,174
1071,353
1072,22
1073,9658
1074,40
1075,100
1076,21
1077,221
1078,43
1079,835
1080,35
1081,176
1082,22
1083,547
1084,473
1085,174
1086,164
1087,56
1088,520
1089,79
1090,379
1091,86
1092,39
1093,115
1094,258
1095,47
1096,79
1097,0
1098,53
1099,87
1100,68
1101,72
1102,455
1103,26
1104,12
1105,881
1106,54
1107,66
1108,1131
1109,64
1110,18
1111,91
1112,589
1113,64
1114,8185
1115,252
1116,2055
1117,36
1118,69
1119,32
1120,34
1121,20
1122,63
1123,371
1124,138
1125,27
1126,118
1127,26
1128,67
1129,28
1130,168
1131,39
1132,2694
1133,0
1134,0
1135,0
1136,0
1137,0
1138,0
1139,0
1140,0
1141,0
1142,0
1143,0
1144,1
1145,0
1146,0
1147,2
1148,0
1149,0
1150,1
1151,14
1152,0
1153,0
1154,0
1155,0
1156,35
1157,0
1158,0
1159,0
1160,0
1161,0
1162,6
1163,0
1164,0
1165,0
1166,18
1167,0
1168,0
1169,1
1170,0
1171,0
1172,0
1173,1
1174,0
1175,0
1176,0
1177,0
1178,0
1179,0
1180,0
1181,0
1182,1
1183,0
1184,0
1185,0
1186,0
1187,0
1188,87
1189,6
1190,0
1191,4
1192,7
1193,0
1194,0
1195,0
1196,0
1197,0
1198,0
1199,0
1200,0
1201,2
1202,0
1203,0
1204,0
1205,0
1206,0
1207,0
1208,0
1209,0
1210,0
1211,0
1212,0
1213,0
1214,0
1215,0
1216,0
1217,0
1218,0
1219,2
1220,0
1221,1
1222,1
1223,0
1224,0
1225,0
1226,0
1227,0
1228,0
1229,0
1230,0
1231,0
1232,2
1233,0
1234,0
1235,0
1236,0
1237,4
1238,0
1239,0
1240,0
1241,0
1242,0
1243,0
1244,0
1245,0
1246,0
1247,0
1248,0
1249,0
1250,1
1251,0
1252,13
1253,0
1254,9
1255,86
1256,0
1257,15
1258,0
1259,16
1260,135
1261,290
1262,61
1263,0
1264,17
1265,0
1266,0
1267,7
1268,60
1269,650
1270,0
1271,2
1272,1
1273,1
1274,0
1275,8
1276,4
1277,2
1278,740
1279,6
1280,32
1281,20
1282,3
1283,124
1284,65
1285,0
1286,1
1287,15
1288,1104
1289,45
1290,6
1291,0
1292,21
1293,0
1294,1
1295,7
1296,24
1297,0
1298,0
1299,0
1300,2
1301,8
1302,5
1303,7
1304,28
1305,244
1306,0
1307,12
1308,0
1309,6
1310,7
1311,5
1312,12
1313,3
1314,0
1315,1
1316,8
1317,0
1318,1
1319,0
1320,0
1321,0
1322,8
1323,0
1324,1
1325,0
1326,0
1327,0
1328,2
1329,0
1330,0
1331,0
1332,0
1333,0
1334,0
1335,0
1336,0
1337,0
1338,0
1339,0
1340,0
1341,0
1342,0
1343,0
1344,0
1345,0
1346,0
1347,0
1348,0
1349,0
1350,0
1351,0
1352,0
1353,0
1354,0
1355,0
1356,0
1357,2
1358,0
1359,1
1360,0
1361,0
1362,0
1363,0
1364,0
1365,0
1366,0
1367,0
1368,0
1369,0
1370,0
1371,0
1372,0
1373,0
1374,0
1375,2
1376,0
1377,0
1378,0
1379,0
1380,0
1381,0
1382,0
1383,0
1384,0
1385,0
1386,0
1387,0
1388,0
1389,0
1390,0
1391,0
1392,0
1393,0
1394,0
1395,0
1396,0
1397,0
1398,0
1399,0
1400,0
1401,0
1402,0
1403,0
1404,0
1405,0
1406,0
1407,0
1408,0
1409,3
1410,1
1411,1
1412,1
1413,0
1414,0
1415,0
1416,8
1417,0
1418,0
1419,0
1420,0
1421,1
1422,0
1423,4
1424,0
1425,0
1426,0
1427,2
1428,0
1429,0
1430,0
1431,0
1432,0
1433,0
1434,0
1435,3
1436,0
1437,0
1438,0
1439,0
1440,4
1441,0
1442,0
1443,0
1444,0
1445,0
1446,1
1447,0
1448,0
1449,5
1450,0
1451,4
1452,1
1453,0
1454,0
1455,0
1456,0
1457,0
1458,0
1459,0
1460,0
1461,0
1462,0
1463,0
1464,0
1465,0
1466,0
1467,0
1468,0
1469,3
1470,0
1471,0
1472,0
1473,0
1474,0
1475,0
1476,0
1477,0
1478,0
1479,0
1480,0
1481,0
1482,0
1483,0
1484,0
1485,0
1486,0
1487,0
1488,8
1489,0
1490,0
1491,0
1492,0
1493,2
1494,0
1495,0
1496,0
1497,0
1498,0
1499,0
1500,0
1501,0
1502,0
1503,0
1504,6
1505,1
1506,0
1507,0
1508,0
1509,0
1510,0
1511,0
1512,0
1513,0
1514,0
1515,0
1516,0
1517,1
1518,0
1519,0
1520,0
1521,0
1522,0
1523,0
1524,0
1525,0
1526,0
1527,0
1528,0
1529,0
1530,0
1531,0
1532,0
1533,0
1534,0
1535,0
1536,0
1537,0
1538,0
1539,0
1540,0
1541,0
1542,0
1543,0
1544,1
1545,0
1546,0
1547,1
1548,0
1549,0
1550,0
1551,1
1552,0
1553,0
1554,0
1555,0
1556,0
1557,4
1558,0
1559,0
1560,0
1561,0
1562,1
1563,0
1564,0
1565,0
1566,0
1567,0
1568,0
1569,0
1570,0
1571,0
1572,5
1573,0
1574,0
1575,1
1576,0
1577,0
1578,0
1579,0
1580,2
1581,0
1582,0
1583,0
1584,0
1585,0
1586,0
1587,0
1588,0
1589,0
1590,1
1591,0
1592,0
1593,0
1594,0
1595,0
1596,0
1597,0
1598,0
1599,0
1600,0
1601,0
1602,0
1603,0
1604,0
1605,0
1606,0
1607,0
1608,0
1609,0
1610,0
1611,0
1612,0
1613,0
1614,0
1615,0
1616,0
1617,0
1618,0
1619,0
1620,0
1621,0
1622,0
1623,0
1624,0
1625,0
1626,0
1627,4
1628,0
1629,0
1630,0
1631,0
1632,1
1633,0
1634,0
1635,0
1636,0
1637,0
1638,0
1639,0
1640,0
1641,2
1642,0
1643,0
1644,0
1645,0
1646,0
1647,0
1648,0
1649,0
1650,0
1651,0
1652,0
1653,0
1654,0
1655,0
1656,0
1657,1
1658,0
1659,0
1660,0
1661,0
1662,0
1663,0
1664,0
1665,0
1666,0
1667,0
1668,0
1669,0
1670,0
1671,0
1672,0
1673,1
1674,0
1675,0
1676,0
1677,0
1678,0
1679,0
1680,0
1681,0
1682,0
1683,0
1684,0
1685,1
1686,0
1687,0
1688,0
1689,0
1690,0
1691,0
1692,3
1693,1
1694,0
1695,0
1696,0
1697,0
1698,0
1699,1
1700,0
1701,0
1702,0
1703,1
1704,0
1705,0
1706,1
1707,0
1708,0
1709,0
1710,0
1711,0
1712,0
1713,0
1714,0
1715,0
1716,0
1717,0
1718,1
1719,0
1720,0
1721,0
1722,0
1723,0
1724,0
1725,0
1726,1
1727,0
1728,0
1729,0
1730,0
1731,0
1732,0
1733,0
1734,0
1735,0
1736,0
1737,0
1738,0
1739,0
1740,0
1741,0
1742,0
1743,0
1744,0
1745,0
1746,0
1747,0
1748,0
1749,0
1750,1
1751,0
1752,0
1753,0
1754,0
1755,0
1756,0
1757,0
1758,0
1759,0
1760,0
1761,0
1762,0
1763,0
1764,0
1765,0
1766,0
1767,0
1768,0
1769,0
1770,0
1771,0
1772,0
1773,0
1774,0
1775,0
1776,0
1777,0
1778,0
1779,0
1780,0
1781,0
1782,0
1783,0
1784,3
1785,1
1786,1
1787,0
1788,0
1789,0
1790,0
1791,0
1792,0
1793,0
1794,0
1795,0
1796,0
1797,0
1798,2
1799,0
1800,0
1801,1
1802,0
1803,1
1804,0
1805,0
1806,1
1807,0
1808,4
1809,0
1810,0
1811,0
1812,0
1813,0
1814,1355
1815,12766
1816,21153
1817,1495
1818,361
1819,2423
1820,1570
1821,4062
1822,405
1823,5194
1824,329
1825,3655
1826,6297
1827,335
1828,27433
1829,28688
1830,791
1831,1690
1832,608
1833,570
1834,2479
1835,1866
1836,976
1837,23501
1838,0
1839,21
1840,0
1841,2
1842,10
1843,0
1844,19
1845,15
1846,0
1847,6
1848,3
1849,0
1850,0
1851,0
1852,40
1853,11
1854,0
1855,0
1856,0
1857,1
1858,0
1859,1
1860,0
1861,0
1862,0
1863,7
1864,0
1865,0
1866,6
1867,0
1868,0
1869,0
1870,0
1871,15
1872,1
1873,0
1874,30
1875,0
1876,0
1877,0
1878,0
1879,0
1880,0
1881,0
1882,0
1883,3
1884,3
1885,11
1886,21
1887,4
1888,1
1889,5
1890,12
1891,16
1892,0
1893,1
1894,0
1895,2
1896,13
1897,0
1898,2
1899,17
1900,0
1901,16
1902,0
1903,0
1904,31
1905,0
1906,2
1907,1
1908,0
1909,0
1910,0
1911,0
1912,0
1913,34
1914,0
1915,0
1916,5
1917,0
1918,14
1919,14
1920,7
1921,2
1922,37
1923,6
1924,96
1925,3
1926,0
1927,5
1928,13
1929,0
1930,87
1931,0
1932,0
1933,9
1934,0
1935,21
1936,35
1937,0
1938,33
1939,46
1940,17
1941,4
1942,22
1943,9
1944,8
1945,4
1946,0
1947,2
1948,1
1949,4
1950,0
1951,0
1952,8
1953,0
1954,2
1955,25
1956,0
1957,0
1958,1
1959,0
1960,0
1961,0
1962,0
1963,0
1964,4
1965,0
1966,9
1967,0
1968,5
1969,0
1970,3
1971,1
1972,13
1973,0
1974,0
1975,0
1976,0
1977,8
1978,5
1979,0
1980,0
1981,7
1982,0
1983,1
1984,3
1985,3
1986,0
1987,0
1988,3
1989,70
1990,4
1991,1
1992,18
1993,6
1994,7
1995,30
1996,18
1997,0
1998,0
1999,7
2000,0
2001,0
2002,23
2003,4
2004,10
2005,0
2006,8
2007,0
2008,0
2009,0
2010,31
2011,17
2012,0
2013,0
2014,0
2015,0
2016,38
2017,2
2018,15
2019,0
2020,1
2021,27
2022,11
2023,9
2024,0
2025,110
2026,2
2027,36
2028,16
2029,28
2030,7
2031,0
2032,19
2033,4
2034,0
2035,3
2036,5
2037,14
2038,6
2039,0
2040,149
2041,8
2042,15
2043,14
2044,67
2045,6
2046,11
2047,73
2048,5
2049,15
2050,0
2051,1
2052,0
2053,64
2054,6
2055,9
2056,18
2057,24
2058,9
2059,43
2060,0
2061,0
2062,0
2063,4
2064,0
2065,5
2066,0
2067,0
2068,33
2069,0
2070,0
2071,0
2072,0
2073,4
2074,16
2075,14
2076,2
2077,1
2078,2
2079,0
2080,0
2081,0
2082,0
2083,0
2084,6
2085,0
2086,4
2087,8
2088,2
2089,0
2090,36
2091,11
2092,0
2093,17
2094,52
2095,10
2096,2
2097,10
2098,0
2099,0
2100,57
2101,7
2102,0
2103,5
2104,1
2105,31
2106,17
2107,15
2108,12
2109,9
2110,13
2111,7
2112,13
2113,5
2114,13
2115,6
2116,21
2117,54
2118,3
2119,19
2120,0
2121,1
2122,8
2123,4
2124,1
2125,1756
2126,36
2127,51
2128,0
2129,70
2130,17
2131,10
2132,0
2133,0
2134,4
2135,0
2136,0
2137,4
2138,12
2139,5
2140,0
2141,6
2142,6
2143,11
2144,11
2145,2
2146,5
2147,5
2148,6
2149,0
2150,7
2151,8
2152,7
2153,11
2154,3
2155,2
2156,8
2157,0
2158,0
2159,0
2160,17
2161,5
2162,9
2163,0
2164,2
2165,1
2166,0
2167,0
2168,4
2169,0
2170,0
2171,12
2172,0
2173,10
2174,5
2175,10
2176,0
2177,9
2178,1
2179,13
2180,0
2181,0
2182,3
2183,14
2184,1
2185,9
2186,5
2187,11
2188,208
2189,0
2190,0
2191,0
2192,2
2193,0
2194,0
2195,0
2196,0
2197,0
2198,0
2199,0
2200,0
2201,0
2202,0
2203,0
2204,0
2205,0
2206,0
2207,0
2208,0
2209,0
2210,0
2211,0
2212,0
2213,0
2214,0
2215,0
2216,0
2217,0
2218,0
2219,0
2220,0
2221,0
2222,0
2223,0
2224,0
2225,0
2226,0
2227,0
2228,0
2229,2
2230,0
2231,0
2232,1
2233,0
2234,0
2235,0
2236,0
2237,0
2238,0
2239,0
2240,3
2241,0
2242,0
2243,0
2244,0
2245,0
2246,0
2247,0
2248,0
2249,0
2250,0
2251,0
2252,0
2253,0
2254,0
2255,0
2256,0
2257,0
2258,0
2259,0
2260,0
2261,1
2262,0
2263,0
2264,0
2265,0
2266,0
2267,0
2268,0
2269,3
2270,128
2271,0
2272,0
2273,0
2274,0
2275,0
2276,0
2277,0
2278,0
2279,0
2280,0
2281,0
2282,0
2283,0
2284,0
2285,0
2286,0
2287,0
2288,0
2289,0
2290,0
2291,0
2292,0
2293,0
2294,0
2295,0
2296,0
2297,0
2298,0
2299,0
2300,0
2301,0
2302,0
2303,0
2304,0
2305,0
2306,0
2307,0
2308,0
2309,0
2310,0
2311,0
2312,0
2313,0
2314,0
2315,0
2316,0
2317,0
2318,0
2319,0
2320,0
2321,0
2322,0
2323,0
2324,0
2325,0
2326,0
2327,0
2328,0
2329,0
2330,0
2331,0
2332,0
2333,0
2334,0
2335,0
2336,0
2337,0
2338,0
2339,0
2340,0
2341,0
2342,0
2343,0
2344,0
2345,0
2346,0
2347,0
2348,0
2349,0
2350,0
2351,0
2352,0
2353,0
2354,0
2355,0
2356,0
2357,0
2358,0
2359,213
2360,300
2361,100
2362,44
2363,2
2364,248
2365,82
2366,50
2367,150
2368,82
2369,57
2370,88
2371,128
2372,0
2373,180
2374,46
2375,1081
2376,1105
2377,80
2378,180
2379,95
2380,157
2381,66
2382,601
2383,926
2384,0
2385,0
2386,0
2387,188
2388,1469
2389,1
2390,71
2391,90
2392,191
2393,73
2394,534
2395,302
2396,555
2397,92
2398,120
2399,816
2400,241
2401,360
2402,592
2403,1208
2404,242
2405,175
2406,251
2407,107
2408,126
2409,156
2410,1
2411,574
2412,309
2413,566
2414,68
2415,321
2416,311
2417,185
2418,0
2419,1881
2420,148
2421,0
2422,138
2423,0
2424,173
2425,230
2426,12
2427,185
2428,277
2429,93
2430,95
2431,0
2432,62
2433,723
2434,536
2435,102
2436,127
2437,61
2438,121
2439,46
2440,55
2441,70
2442,10
2443,1
2444,10
2445,22
2446,1
2447,16
2448,17
2449,14
2450,514
2451,45
2452,3
2453,6
2454,60
2455,36
2456,80
2457,9
2458,8
2459,210
2460,6
2461,1
2462,61
2463,13
2464,433
2465,42
2466,82
2467,11
2468,16
2469,0
2470,16
2471,40
2472,2
2473,3
2474,1
2475,15
2476,75
2477,8
2478,0
2479,318
2480,22
2481,4
2482,12
2483,16
2484,0
2485,7
2486,53
2487,4
2488,342
2489,204
2490,127
2491,55
2492,7
2493,44
2494,7
2495,17
2496,37
2497,33
2498,33
2499,5
2500,24
2501,3
2502,19
2503,7
2504,13
2505,0
2506,6
2507,4
2508,23
2509,19
2510,25
2511,3
2512,5
2513,19
2514,23
2515,4
2516,64
2517,0
2518,16
2519,27
2520,6
2521,52
2522,23
2523,239
2524,24
2525,3
2526,2
2527,8
2528,48
2529,10
2530,5
2531,4
2532,1295
2533,1
2534,13
2535,11
2536,1160
2537,16
2538,2
2539,0
2540,6
2541,3
2542,5
2543,34
2544,56
2545,2
2546,218
2547,13
2548,18
2549,11
2550,5
2551,8
2552,119
2553,0
2554,14
2555,860
2556,652
2557,132
2558,198
2559,83
2560,86
2561,56
2562,2
2563,199
2564,0
2565,56
2566,2
2567,42
2568,76
2569,12
2570,0
2571,1554
2572,2263
2573,0
2574,77
2575,0
2576,5
2577,95
2578,99
2579,5
2580,380
2581,1023
2582,0
2583,115
2584,0
2585,12
2586,3
2587,48
2588,1629
2589,1
2590,246
2591,0
2592,12
2593,51
2594,0
2595,12
2596,0
2597,643
2598,57
2599,7
2600,22
2601,93
2602,6
2603,184
2604,21
2605,8
2606,39
2607,17
2608,0
2609,0
2610,45
2611,1
2612,919
2613,204
2614,35
2615,0
2616,3
2617,0
2618,4
2619,75
2620,1
2621,15
2622,315
2623,28
2624,40
2625,199
2626,8
2627,32
2628,23
2629,90
2630,19
2631,9
2632,55
2633,80
2634,119
2635,39
2636,27
2637,4
2638,0
2639,158
2640,5560
2641,2
2642,44
2643,7
2644,13
2645,25
2646,88
2647,3
2648,5
2649,5
2650,0
2651,3
2652,373
2653,50
2654,1
2655,4
2656,9
2657,67
2658,6
2659,22
2660,45
2661,5
2662,37
2663,49
2664,4
2665,18
2666,8
2667,4020
2668,251
2669,1
2670,1
2671,1
2672,288
2673,16
2674,0
2675,15
2676,37
2677,20
2678,67
2679,2
2680,10
2681,28
2682,8
2683,148
2684,21
2685,52
2686,38
2687,0
2688,67
2689,1859
2690,157
2691,268
2692,104
2693,30
2694,22
2695,4
2696,5
2697,43
2698,1
2699,12
2700,26
2701,65
2702,34
2703,19
2704,3
2705,92
2706,272
2707,19724
2708,482
2709,923
2710,9
2711,51
2712,291
2713,54
2714,74
2715,684
2716,55
2717,607
2718,43
2719,88
2720,6880
2721,126
2722,450
2723,0
2724,0
2725,0
2726,0
2727,0
2728,0
2729,0
2730,0
2731,0
2732,0
2733,0
2734,0
2735,0
2736,0
2737,0
2738,0
2739,0
2740,0
2741,0
2742,0
2743,0
2744,0
2745,0
2746,0
2747,0
2748,0
2749,0
2750,0
2751,0
2752,0
2753,0
2754,0
2755,0
2756,0
2757,0
2758,0
2759,0
2760,0
2761,0
2762,0
2763,0
2764,0
2765,0
2766,0
2767,0
2768,0
2769,0
2770,0
2771,0
2772,0
2773,0
2774,0
2775,0
2776,0
2777,0
2778,0
2779,0
2780,0
2781,0
2782,0
2783,0
2784,0
2785,0
2786,0
2787,0
2788,0
2789,0
2790,0
2791,0
2792,0
2793,0
2794,0
2795,0
2796,0
2797,0
2798,0
2799,0
2800,0
2801,0
2802,0
2803,0
2804,0
2805,0
2806,0
2807,0
2808,0
2809,0
2810,0
2811,0
2812,0
2813,0
2814,0
2815,0
2816,0
2817,0
2818,0
2819,0
2820,0
2821,0
2822,0
2823,0
2824,0
2825,0
2826,0
2827,0
2828,0
2829,0
2830,0
2831,0
2832,0
2833,0
2834,0
2835,0
2836,0
2837,0
2838,0
2839,0
2840,0
2841,0
2842,0
2843,0
2844,0
2845,0
2846,0
2847,0
2848,0
2849,0
2850,0
2851,0
2852,0
2853,0
2854,0
2855,0
2856,0
2857,0
2858,0
2859,0
2860,0
2861,0
2862,0
2863,0
2864,0
2865,0
2866,0
2867,0
2868,0
2869,0
2870,0
2871,0
2872,0
2873,0
2874,0
2875,0
2876,0
2877,0
2878,0
2879,0
2880,0
2881,0
2882,0
2883,0
2884,0
2885,0
2886,0
2887,0
2888,0
2889,0
2890,0
2891,0
2892,0
2893,0
2894,0
2895,0
2896,0
2897,0
2898,0
2899,0
2900,0
2901,0
2902,0
2903,0
2904,0
2905,0
2906,0
2907,0
2908,0
2909,0
2910,0
2911,0
2912,0
2913,0
2914,0
2915,0
2916,0
2917,0
2918,0
2919,0
2920,0
2921,0
2922,0
2923,0
2924,0
2925,0
2926,0
2927,0
2928,0
2929,0
2930,0
2931,0
2932,0
2933,0
2934,0
2935,0
2936,0
2937,0
2938,0
2939,0
2940,0
2941,0
2942,0
2943,0
2944,0
2945,0
2946,0
2947,0
2948,0
2949,0
2950,0
2951,0
2952,0
2953,0
2954,0
2955,0
2956,0
2957,0
2958,0
2959,0
2960,0
2961,0
2962,0
2963,0
2964,0
2965,0
2966,0
2967,0
2968,0
2969,0
2970,0
2971,0
2972,0
2973,0
2974,0
2975,0
2976,0
2977,0
2978,0
2979,0
2980,0
2981,0
2982,0
2983,0
2984,0
2985,0
2986,0
2987,0
2988,0
2989,0
2990,0
2991,0
2992,0
2993,0
2994,0
2995,0
2996,0
2997,0
2998,0
2999,0
3000,0
3001,0
3002,0
3003,0
3004,0
3005,0
3006,0
3007,0
3008,0
3009,0
3010,0
3011,0
3012,0
3013,0
3014,0
3015,0
3016,0
3017,0
3018,0
3019,0
3020,0
3021,0
3022,0
3023,0
3024,0
3025,0
3026,0
3027,0
3028,0
3029,0
3030,0
3031,0
3032,0
3033,0
3034,0
3035,0
3036,0
3037,0
3038,0
3039,0
3040,0
3041,0
3042,0
3043,3829
3044,10138
3045,4818
3046,12146
3047,669
3048,1380
3049,14911
3050,2925
3051,9150
3052,1027
3053,6270
3054,20312
3055,8743
3056,6104
3057,5650
3058,8468
3059,498
3060,4304
3061,792
3062,7037
3063,975
3064,1478
3065,0
3066,6
3067,16
3068,0
3069,11
3070,0
3071,66
3072,0
3073,16
3074,2
3075,0
3076,4
3077,1
3078,0
3079,4
3080,0
3081,15
3082,5
3083,0
3084,0
3085,1
3086,1
3087,427
3088,3
3089,9
3090,33
3091,0
3092,0
3093,18
3094,4
3095,0
3096,25
3097,4257
3098,567
3099,23065
3100,2735
3101,706
3102,710
3103,1482
3104,777
3105,489
3106,771
3107,741
3108,783
3109,417
3110,3839
3111,10589
3112,286
3113,464
3114,446
3115,493
3116,591
3117,16
3118,793
3119,1133
3120,43223
3121,328
3122,428
3123,940
3124,8025
3125,422
3126,11031
3127,32836
3128,1898
3129,2483
3130,5403
3131,1105
3132,5679
3133,327
3134,828
3135,1081
3136,984
3137,29283
3138,1260
3139,5559
3140,632
3141,975
3142,1388
3143,1485
3144,349
3145,169
3146,170
3147,765
3148,14778
3149,1424
3150,492
3151,1748
3152,2729
3153,604
3154,412
3155,450
3156,13255
3157,518
3158,167
3159,1288
3160,130
3161,40
3162,94
3163,142
3164,218
3165,274
3166,148
3167,169
3168,1103
3169,1415
3170,302
3171,1694
3172,393
3173,62
3174,445
3175,60
3176,570
3177,342
3178,123
3179,55
3180,45
3181,759
3182,217
3183,776
3184,2727
3185,243
3186,190
3187,1207
3188,246
3189,327
3190,2387
3191,246
3192,3075
3193,445
3194,1338
3195,80
3196,65
3197,416
3198,154
3199,2643
3200,187
3201,1150
3202,298
3203,480
3204,121
3205,424
3206,41
3207,820
3208,440
3209,1467
3210,70
3211,310
3212,470
3213,467
3214,217
3215,211
3216,147
3217,102
3218,5222
3219,101
3220,233
3221,752
3222,614
3223,1955
3224,47
3225,1418
3226,601
3227,81
3228,324
3229,654
3230,96
3231,260
3232,2033
3233,89
3234,843
3235,395
3236,1167
3237,522
3238,764
3239,457
3240,257
3241,342
3242,494
3243,173
3244,497
3245,147
3246,153
3247,23
3248,1426
3249,171
3250,6213
3251,113
3252,60
3253,489
3254,911
3255,299
3256,480
3257,124
3258,155
3259,0
3260,0
3261,0
3262,0
3263,0
3264,0
3265,0
3266,0
3267,0
3268,0
3269,0
3270,0
3271,0
3272,0
3273,0
3274,0
3275,0
3276,0
3277,0
3278,0
3279,0
3280,0
3281,0
3282,0
3283,0
3284,0
3285,0
3286,0
3287,0
3288,0
3289,0
3290,0
3291,0
3292,0
3293,0
3294,0
3295,0
3296,0
3297,0
3298,0
3299,0
3300,0
3301,0
3302,0
3303,0
3304,0
3305,0
3306,0
3307,0
3308,0
3309,0
3310,0
3311,0
3312,279
3313,898
3314,622
3315,894
3316,1492
3317,412
3318,570
3319,608
3320,5268
3321,267
3322,348
3323,1475
3324,2050
3325,557
3326,795
3327,427
3328,467
3329,14390
3330,463
3331,436
3332,2471
3333,848
3334,2430
3335,217
3336,19614
3337,497
3338,343
3339,857
3340,2090
3341,402
3342,12783
3343,547
3344,227
3345,166
3346,268
3347,465
3348,287
3349,218
3350,572
3351,528
3352,478
3353,720
3354,2373
3355,524
3356,2283
3357,516
3358,3563
3359,4477
3360,456
3361,2264
3362,1018
3363,1982
3364,210
3365,348
3366,1193
3367,109
3368,6799
3369,128
3370,291
3371,626
3372,107
3373,379
3374,202
3375,417
3376,686
3377,314
3378,2175
3379,399
3380,203
3381,1215
3382,796
3383,444
3384,1023
3385,470
3386,596
3387,4216
3388,6188
3389,1800
3390,652
3391,714
3392,127
3393,106
3394,2616
3395,704
3396,996
3397,387
3398,1964
3399,249
3400,49
3401,4
3402,30
3403,6
3404,6
3405,3
3406,35
3407,47
3408,162
3409,12
3410,48
3411,10
3412,0
3413,397
3414,2
3415,45
3416,0
3417,3
3418,33
3419,30
3420,84
3421,0
3422,1
3423,11
3424,39
3425,26
3426,8
3427,0
3428,0
3429,8
3430,7
3431,2
3432,7
3433,8
3434,10
3435,14
3436,4
3437,14
3438,1
3439,38
3440,19
3441,44
3442,0
3443,59
3444,50
3445,18
3446,5
3447,3
3448,13
3449,10
3450,49
3451,8
3452,0
3453,32
3454,516
3455,43
3456,44
3457,28
3458,19
3459,55
3460,69
3461,21
3462,36
3463,0
3464,4
3465,67
3466,3
3467,5
3468,24
3469,0
3470,1
3471,1669
3472,55
3473,28
3474,12
3475,13
3476,8
3477,0
3478,0
3479,0
3480,1
3481,0
3482,0
3483,0
3484,0
3485,0
3486,0
3487,0
3488,0
3489,0
3490,0
3491,0
3492,1
3493,0
3494,11
3495,0
3496,4
3497,0
3498,0
3499,0
3500,49
3501,0
3502,105
3503,0
3504,0
3505,0
3506,0
3507,0
3508,0
3509,5
3510,0
3511,0
3512,4
3513,328
3514,12757
3515,227
3516,672
3517,178
3518,3201
3519,436
3520,379
3521,4466
3522,944
3523,826
3524,12
3525,389
3526,717
3527,3454
3528,56
3529,124
3530,194
3531,273
3532,316
3533,1222
3534,2557
3535,4571
3536,68
3537,2773
3538,671
3539,25
3540,433
3541,86
3542,123
3543,117
3544,432
3545,83
3546,62
3547,1121
3548,4033
3549,240
3550,851
3551,3960
3552,2659
3553,349
3554,137
3555,265
3556,252
3557,1237
3558,6662
3559,97
3560,3057
3561,405
3562,106
3563,19753
3564,455
3565,24
3566,506
3567,127
3568,182
3569,17
3570,295
3571,83
3572,226
3573,168
3574,125
3575,960
3576,244
3577,1341
3578,70
3579,4853
3580,38
3581,63
3582,26
3583,137
3584,61
3585,630
3586,22
3587,104
3588,16
3589,4
3590,33
3591,80
3592,44
3593,86
3594,80
3595,75
3596,311
3597,72
3598,150
3599,9
3600,25
3601,119
3602,80
3603,67
3604,21
3605,594
3606,1506
3607,22
3608,206
3609,169
3610,17
3611,62
3612,31
3613,60
3614,2
3615,66
3616,30
3617,60
3618,130
3619,9
3620,158
3621,3
3622,239
3623,5
3624,18
3625,284
3626,103
3627,1
3628,497
3629,25
3630,12
3631,5
3632,23
3633,22
3634,33
3635,5
3636,76
3637,0
3638,22
3639,16
3640,34
3641,1380
3642,138
3643,11
3644,322
3645,4
3646,50
3647,476
3648,175
3649,4
3650,416
3651,0
3652,71
3653,131
3654,7
3655,95
3656,30
3657,239
3658,285
3659,1
3660,443
3661,15
3662,9
3663,8
3664,671
3665,0
3666,0
3667,6
3668,1
3669,2
3670,9
3671,0
3672,0
3673,9
3674,0
3675,20
3676,3
3677,2
3678,0
3679,6
3680,9
3681,1
3682,0
3683,0
3684,0
3685,0
3686,0
3687,18
3688,0
3689,0
3690,0
3691,2
3692,0
3693,1
3694,0
3695,0
3696,2
3697,7
3698,0
3699,0
3700,3
3701,0
3702,0
3703,0
3704,3
3705,3
3706,6
3707,0
3708,0
3709,3
3710,23
3711,0
3712,0
3713,91
3714,0
3715,27
3716,16
3717,0
3718,2
3719,11
3720,0
3721,0
3722,4
3723,0
3724,0
3725,1
3726,0
3727,104
3728,3
3729,5
3730,3
3731,64
3732,199
3733,35
3734,0
3735,263
3736,15
3737,7
3738,4
3739,57
3740,18
3741,21
3742,27
3743,6
3744,37
3745,68
3746,179
3747,4
3748,78
3749,3818
3750,2
3751,3
3752,55
3753,17
3754,46
3755,70
3756,145
3757,5
3758,1
3759,13
3760,359
3761,52
3762,102
3763,822
3764,0
3765,2
3766,29
3767,103
3768,23
3769,24
3770,23
3771,8
3772,51
3773,8
3774,42
3775,122
3776,16
3777,661
3778,3
3779,3
3780,3
3781,45
3782,86
3783,52
3784,193
3785,8
3786,36
3787,14
3788,87
3789,30
3790,6
3791,27
3792,110
3793,126
3794,24
3795,97
3796,4
3797,39
3798,0
3799,17
3800,61
3801,128
3802,81
3803,32
3804,2
3805,769
3806,11
3807,41
3808,73
3809,586
3810,89
3811,69
3812,238
3813,220
3814,16
3815,36
3816,22
3817,96
3818,23
3819,19
3820,529
3821,1
3822,102
3823,62
3824,119
3825,576
3826,137
3827,0
3828,61
3829,99
3830,1
3831,0
3832,127
3833,47
3834,8
3835,77
3836,210
3837,13
3838,174
3839,2335
3840,1531
3841,108
3842,0
3843,97
3844,91
3845,1383
3846,658
3847,59
3848,1
3849,0
3850,8
3851,13
3852,179
3853,254
3854,34
3855,37
3856,306
3857,9
3858,47
3859,126
3860,0
3861,314
3862,43
3863,0
3864,32
3865,11
3866,31
3867,0
3868,3875
3869,0
3870,77
3871,1334
3872,0
3873,5
3874,196
3875,26
3876,1
3877,25
3878,0
3879,0
3880,0
3881,22
3882,4629
3883,6
3884,26
3885,5
3886,4416
3887,99
3888,3
3889,0
3890,15
3891,16
3892,0
3893,92
3894,4
3895,327
3896,1143
3897,30
3898,2
3899,41
3900,43
3901,0
3902,27
3903,0
3904,1278
3905,61
3906,0
3907,0
3908,8
3909,1561
3910,0
3911,75
3912,0
3913,23
3914,2
3915,9
3916,347
3917,165
3918,80
3919,1168
3920,251
3921,15
3922,27
3923,1
3924,0
3925,25
3926,5522
3927,23
3928,5
3929,10
3930,2119
3931,2
3932,623
3933,352
3934,123
3935,10
3936,16
3937,22
3938,59
3939,42
3940,24
3941,323
3942,7
3943,1
3944,6
3945,29
3946,63
3947,2
3948,1216
3949,0
3950,157
3951,574
3952,97
3953,5
3954,593
3955,67
3956,0
3957,0
3958,153
3959,0
3960,0
3961,3
3962,170
3963,10
3964,43
3965,47
3966,22
3967,32
3968,0
3969,66
3970,0
3971,286
3972,7
3973,13
3974,95
3975,71
3976,36
3977,3332
3978,19
3979,15
3980,90
3981,8
3982,1
3983,74
3984,0
3985,0
3986,0
3987,21
3988,280
3989,9
3990,154
3991,126
3992,3
3993,21
3994,69
3995,919
3996,0
3997,83
3998,1
3999,8
4000,48
4001,5
4002,33
4003,0
4004,4
4005,1
4006,26
4007,262
4008,9
4009,221
4010,28
4011,2
4012,0
4013,79
4014,0
4015,17
4016,125
4017,0
4018,1
4019,5
4020,11
4021,11
4022,3
4023,25
4024,289
4025,40
4026,76
4027,5
4028,9
4029,47
4030,111
4031,0
4032,2
4033,2
4034,0
4035,0
4036,5
4037,144
4038,26
4039,17
4040,0
4041,5
4042,0
4043,3
4044,13
4045,5057
4046,248
4047,0
4048,50
4049,2
4050,0
4051,763
4052,4975
4053,28
4054,95
4055,17
4056,14
4057,152
4058,21
4059,283
4060,56
4061,71
4062,24
4063,68
4064,53
4065,42
4066,0
4067,2
4068,56
4069,7
4070,0
4071,3760
4072,61
4073,6
4074,414
4075,124
4076,0
4077,25
4078,6
4079,0
4080,98
4081,1022
4082,2231
4083,521
4084,12
4085,4510
4086,173
4087,97
4088,31
4089,134
4090,1282
4091,191
4092,100
4093,147
4094,215
4095,0
4096,39
4097,14749
4098,404
4099,382
4100,298
4101,477
4102,1030
4103,697
4104,11309
4105,606
4106,2985
4107,26
4108,3506
4109,0
4110,0
4111,0
4112,0
4113,0
4114,0
4115,0
4116,0
4117,0
4118,0
4119,0
4120,0
4121,0
4122,0
4123,0
4124,0
4125,0
4126,0
4127,0
4128,0
4129,0
4130,0
4131,0
4132,0
4133,0
4134,0
4135,0
4136,0
4137,0
4138,0
4139,0
4140,0
4141,0
4142,0
4143,0
4144,0
4145,0
4146,0
4147,0
4148,0
4149,0
4150,0
4151,0
4152,0
4153,0
4154,0
4155,0
4156,0
4157,0
4158,0
4159,0
4160,0
4161,0
4162,0
4163,0
4164,0
4165,0
4166,0
4167,0
4168,0
4169,0
4170,0
4171,0
4172,0
4173,0
4174,0
4175,0
4176,0
4177,0
4178,0
4179,0
4180,0
4181,0
4182,0
4183,0
4184,0
4185,0
4186,0
4187,0
4188,0
4189,0
4190,0
4191,0
4192,0
4193,0
4194,0
4195,0
4196,0
4197,0
4198,0
4199,0
4200,0
4201,0
4202,0
4203,0
4204,0
4205,0
4206,0
4207,0
4208,0
4209,0
4210,0
4211,0
4212,0
4213,0
4214,0
4215,0
4216,0
4217,0
4218,0
4219,0
4220,0
4221,0
4222,0
4223,0
4224,0
4225,0
4226,0
4227,0
4228,0
4229,0
4230,0
4231,0
4232,0
4233,0
4234,0
4235,0
4236,0
4237,0
4238,0
4239,0
4240,0
4241,0
4242,0
4243,0
4244,0
4245,0
4246,0
4247,0
4248,0
4249,0
4250,0
4251,0
4252,0
4253,0
4254,0
4255,0
4256,0
4257,0
4258,0
4259,0
4260,0
4261,0
4262,0
4263,0
4264,0
4265,0
4266,0
4267,0
4268,0
4269,0
4270,0
4271,0
4272,0
4273,0
4274,0
4275,0
4276,0
4277,0
4278,0
4279,0
4280,0
4281,0
4282,0
4283,0
4284,0
4285,0
4286,0
4287,0
4288,0
4289,0
4290,0
4291,0
4292,0
4293,0
4294,0
4295,0
4296,0
4297,0
4298,0
4299,0
4300,0
4301,0
4302,0
4303,0
4304,0
4305,0
4306,0
4307,0
4308,0
4309,0
4310,0
4311,0
4312,0
4313,0
4314,0
4315,0
4316,0
4317,0
4318,0
4319,0
4320,0
4321,0
4322,0
4323,0
4324,0
4325,0
4326,0
4327,0
4328,0
4329,0
4330,0
4331,0
4332,0
4333,0
4334,0
4335,0
4336,0
4337,0
4338,0
4339,0
4340,0
4341,0
4342,0
4343,0
4344,0
4345,0
4346,0
4347,0
4348,0
4349,0
4350,0
4351,0
4352,0
4353,0
4354,0
4355,0
4356,75
4357,1578
4358,171
4359,120
4360,218
4361,148
4362,5021
4363,840
4364,54
4365,937
4366,29
4367,277
4368,4
4369,186
4370,90
4371,7
4372,374
4373,319
4374,64
4375,97
4376,4674
4377,182
4378,49
4379,450
4380,85
4381,151
4382,305
4383,53
4384,16115
4385,602
4386,125
4387,248
4388,311
4389,996
4390,145
4391,293
4392,227
4393,121
4394,273
4395,60
4396,258
4397,853
4398,3279
4399,401
4400,12
4401,458
4402,902
4403,55
4404,135
4405,175
4406,77
4407,220
4408,5390
4409,476
4410,91
4411,132
4412,60
4413,210
4414,113
4415,4234
4416,145
4417,197
4418,95
4419,87
4420,0
4421,406
4422,220
4423,165
4424,482
4425,221
4426,350
4427,447
4428,7617
4429,305
4430,53
4431,0
4432,1068
4433,220
4434,1145
4435,206
4436,192
4437,398
4438,25
4439,125
4440,1828
4441,2342
4442,54
4443,0
4444,446
4445,514
4446,578
4447,199
4448,357
4449,297
4450,700
4451,3201
4452,165
4453,108
4454,1947
4455,3166
4456,229
4457,0
4458,333
4459,1
4460,375
4461,187
4462,91
4463,545
4464,69
4465,2889
4466,2272
4467,250
4468,261
4469,2592
4470,465
4471,320
4472,100
4473,2769
4474,3908
4475,44
4476,465
4477,157
4478,1330
4479,545
4480,5487
4481,1224
4482,294
4483,428
4484,1264
4485,5553
4486,280
4487,510
4488,336
4489,0
4490,0
4491,3
4492,1
4493,0
4494,2
4495,0
4496,1
4497,0
4498,0
4499,0
4500,0
4501,0
4502,0
4503,0
4504,3
4505,100
4506,1
4507,0
4508,0
4509,0
4510,0
4511,0
4512,0
4513,0
4514,0
4515,0
4516,0
4517,0
4518,0
4519,1
4520,0
4521,0
4522,6
4523,0
4524,1
4525,1
4526,0
4527,0
4528,101
4529,508
4530,147
4531,76
4532,124
4533,856
4534,28
4535,4
4536,28
4537,277
4538,0
4539,50
4540,32
4541,96
4542,164
4543,190
4544,242
4545,188
4546,270
4547,91
4548,129
4549,211
4550,90
4551,85
4552,134
4553,65
4554,133
4555,106
4556,30
4557,141
4558,444
4559,105
4560,75
4561,59
4562,137
4563,9
4564,41
4565,61
4566,116
4567,419
4568,673
4569,39
4570,29
4571,56
4572,15
4573,34
4574,18
4575,68
4576,87
4577,175
4578,1
4579,97
4580,16
4581,402
4582,10
4583,0
4584,0
4585,0
4586,0
4587,0
4588,0
4589,0
4590,0
4591,0
4592,0
4593,0
4594,0
4595,0
4596,0
4597,0
4598,0
4599,0
4600,0
4601,0
4602,0
4603,0
4604,0
4605,1
4606,0
4607,1
4608,0
4609,0
4610,0
4611,0
4612,0
4613,0
4614,0
4615,0
4616,0
4617,0
4618,2
4619,0
4620,0
4621,0
4622,0
4623,0
4624,0
4625,0
4626,0
4627,0
4628,0
4629,0
4630,0
4631,0
4632,0
4633,1
4634,0
4635,0
4636,3
4637,0
4638,0
4639,0
4640,0
4641,0
4642,0
4643,0
4644,0
4645,0
4646,0
4647,0
4648,0
4649,0
4650,0
4651,0
4652,0
4653,0
4654,0
4655,2
4656,0
4657,1
4658,0
4659,0
4660,0
4661,0
4662,0
4663,0
4664,0
4665,0
4666,0
4667,0
4668,0
4669,0
4670,0
4671,0
4672,0
4673,0
4674,0
4675,0
4676,2
4677,0
4678,0
4679,0
4680,0
4681,2
4682,0
4683,0
4684,0
4685,0
4686,0
4687,0
4688,0
4689,0
4690,0
4691,0
4692,0
4693,0
4694,0
4695,0
4696,0
4697,0
4698,1
4699,0
4700,0
4701,0
4702,0
4703,0
4704,0
4705,0
4706,0
4707,0
4708,0
4709,0
4710,0
4711,0
4712,0
4713,0
4714,0
4715,0
4716,0
4717,0
4718,0
4719,0
4720,0
4721,0
4722,0
4723,1
4724,2
4725,0
4726,0
4727,0
4728,0
4729,0
4730,0
4731,1
4732,0
4733,0
4734,0
4735,0
4736,0
4737,0
4738,0
4739,0
4740,0
4741,0
4742,0
4743,0
4744,0
4745,0
4746,0
4747,0
4748,0
4749,0
4750,0
4751,0
4752,1
4753,0
4754,1
4755,0
4756,0
4757,0
4758,0
4759,0
4760,0
4761,0
4762,0
4763,0
4764,0
4765,0
4766,0
4767,0
4768,0
4769,0
4770,0
4771,0
4772,0
4773,0
4774,0
4775,0
4776,0
4777,0
4778,0
4779,0
4780,0
4781,0
4782,0
4783,0
4784,0
4785,0
4786,0
4787,1
4788,0
4789,0
4790,0
4791,0
4792,0
4793,0
4794,0
4795,0
4796,0
4797,0
4798,0
4799,0
4800,1
4801,0
4802,0
4803,1
4804,0
4805,0
4806,1
4807,0
4808,0
4809,0
4810,0
4811,0
4812,0
4813,0
4814,0
4815,0
4816,0
4817,0
4818,0
4819,0
4820,0
4821,0
4822,0
4823,0
4824,0
4825,0
4826,0
4827,0
4828,0
4829,0
4830,0
4831,0
4832,0
4833,0
4834,0
4835,0
4836,0
4837,1
4838,0
4839,0
4840,0
4841,0
4842,0
4843,0
4844,0
4845,0
4846,0
4847,0
4848,0
4849,0
4850,0
4851,0
4852,0
4853,0
4854,0
4855,0
4856,0
4857,0
4858,0
4859,0
4860,0
4861,0
4862,0
4863,0
4864,0
4865,0
4866,0
4867,0
4868,0
4869,2
4870,0
4871,0
4872,0
4873,0
4874,0
4875,0
4876,0
4877,0
4878,0
4879,0
4880,0
4881,0
4882,1
4883,0
4884,0
4885,0
4886,0
4887,0
4888,0
4889,0
4890,0
4891,1
4892,0
4893,0
4894,0
4895,0
4896,0
4897,0
4898,0
4899,0
4900,0
4901,0
4902,0
4903,0
4904,0
4905,0
4906,0
4907,0
4908,0
4909,0
4910,0
4911,0
4912,0
4913,0
4914,0
4915,0
4916,0
4917,0
4918,0
4919,0
4920,0
4921,0
4922,0
4923,0
4924,0
4925,0
4926,0
4927,0
4928,0
4929,0
4930,0
4931,0
4932,0
4933,0
4934,0
4935,0
4936,0
4937,0
4938,1
4939,0
4940,0
4941,0
4942,0
4943,0
4944,0
4945,0
4946,0
4947,0
4948,0
4949,0
4950,0
4951,1
4952,0
4953,0
4954,0
4955,0
4956,0
4957,0
4958,0
4959,0
4960,0
4961,0
4962,2
4963,0
4964,0
4965,0
4966,0
4967,1
4968,0
4969,0
4970,0
4971,0
4972,0
4973,0
4974,0
4975,0
4976,0
4977,0
4978,0
4979,0
4980,0
4981,0
4982,1
4983,0
4984,0
4985,0
4986,0
4987,0
4988,1
4989,0
4990,0
4991,0
4992,0
4993,0
4994,0
4995,0
4996,0
4997,3
4998,0
4999,0
5000,0
5001,3
5002,0
5003,0
5004,0
5005,0
5006,0
5007,0
5008,0
5009,9
5010,0
5011,0
5012,0
5013,0
5014,0
5015,0
5016,0
5017,0
5018,0
5019,0
5020,1
5021,0
5022,0
5023,0
5024,0
5025,0
5026,0
5027,0
5028,0
5029,0
5030,0
5031,0
5032,0
5033,0
5034,0
5035,0
5036,0
5037,0
5038,0
5039,0
5040,0
5041,0
5042,0
5043,0
5044,0
5045,0
5046,0
5047,0
5048,0
5049,0
5050,0
5051,0
5052,0
5053,0
5054,0
5055,0
5056,23
5057,0
5058,0
5059,0
5060,0
5061,0
5062,0
5063,0
5064,0
5065,0
5066,0
5067,0
5068,0
5069,0
5070,0
5071,0
5072,0
5073,0
5074,0
5075,0
5076,0
5077,0
5078,0
5079,0
5080,0
5081,0
5082,0
5083,0
5084,0
5085,0
5086,0
5087,2
5088,0
5089,0
5090,0
5091,0
5092,0
5093,0
5094,0
5095,0
5096,0
5097,0
5098,0
5099,0
5100,0
5101,0
5102,0
5103,0
5104,0
5105,0
5106,0
5107,0
5108,0
5109,0
5110,0
5111,0
5112,0
5113,0
5114,0
5115,0
5116,0
5117,0
5118,0
5119,0
5120,0
5121,0
5122,0
5123,0
5124,0
5125,0
5126,0
5127,0
5128,0
5129,0
5130,0
5131,0
5132,0
5133,0
5134,0
5135,0
5136,9
5137,0
5138,0
5139,2
5140,3
5141,0
5142,0
5143,0
5144,0
5145,0
5146,0
5147,0
5148,0
5149,0
5150,0
5151,0
5152,0
5153,0
5154,0
5155,0
5156,0
5157,0
5158,0
5159,0
5160,0
5161,0
5162,0
5163,0
5164,0
5165,0
5166,0
5167,6
5168,0
5169,0
5170,0
5171,0
5172,2
5173,0
5174,0
5175,0
5176,0
5177,0
5178,0
5179,0
5180,0
5181,0
5182,0
5183,0
5184,0
5185,0
5186,0
5187,1
5188,0
5189,0
5190,0
5191,0
5192,0
5193,0
5194,0
5195,0
5196,0
5197,0
5198,0
5199,0
5200,0
5201,0
5202,0
5203,0
5204,0
5205,0
5206,0
5207,0
5208,0
5209,0
5210,0
5211,0
5212,0
5213,0
5214,2
5215,0
5216,0
5217,0
5218,0
5219,0
5220,0
5221,0
5222,0
5223,0
5224,0
5225,0
5226,1
5227,0
5228,8
5229,0
5230,0
5231,0
5232,0
5233,0
5234,0
5235,0
5236,0
5237,0
5238,0
5239,0
5240,0
5241,0
5242,0
5243,0
5244,0
5245,2
5246,0
5247,6
5248,0
5249,1
5250,0
5251,0
5252,0
5253,0
5254,0
5255,0
5256,0
5257,0
5258,0
5259,0
5260,0
5261,0
5262,0
5263,0
5264,0
5265,0
5266,0
5267,0
5268,0
5269,0
5270,0
5271,0
5272,0
5273,0
5274,0
5275,0
5276,0
5277,3
5278,0
5279,0
5280,0
5281,0
5282,0
5283,0
5284,0
5285,0
5286,0
5287,0
5288,2
5289,0
5290,0
5291,0
5292,0
5293,0
5294,0
5295,0
5296,0
5297,0
5298,0
5299,0
5300,0
5301,0
5302,0
5303,0
5304,0
5305,0
5306,0
5307,0
5308,0
5309,0
5310,0
5311,0
5312,0
5313,0
5314,0
5315,0
5316,0
5317,0
5318,0
5319,0
5320,0
5321,0
5322,0
5323,0
5324,0
5325,0
5326,0
5327,0
5328,0
5329,0
5330,0
5331,0
5332,0
5333,0
5334,0
5335,0
5336,1
5337,0
5338,0
5339,0
5340,0
5341,0
5342,0
5343,0
5344,0
5345,0
5346,0
5347,1
5348,0
5349,0
5350,0
5351,0
5352,3
5353,0
5354,0
5355,0
5356,0
5357,0
5358,0
5359,0
5360,0
5361,0
5362,0
5363,0
5364,0
5365,0
5366,0
5367,0
5368,0
5369,0
5370,0
5371,0
5372,0
5373,0
5374,0
5375,0
5376,0
5377,0
5378,0
5379,0
5380,0
5381,0
5382,0
5383,3
5384,0
5385,0
5386,0
5387,0
5388,0
5389,0
5390,0
5391,1
5392,0
5393,0
5394,0
5395,0
5396,0
5397,0
5398,2
5399,0
5400,0
5401,0
5402,0
5403,0
5404,0
5405,0
5406,0
5407,8
5408,0
5409,0
5410,0
5411,0
5412,0
5413,0
5414,0
5415,0
5416,0
5417,0
5418,0
5419,0
5420,0
5421,0
5422,0
5423,0
5424,0
5425,0
5426,0
5427,0
5428,0
5429,0
5430,0
5431,1
5432,0
5433,0
5434,24
5435,0
5436,0
5437,0
5438,0
5439,0
5440,0
5441,0
5442,0
5443,0
5444,0
5445,1
5446,0
5447,0
5448,0
5449,0
5450,0
5451,0
5452,0
5453,0
5454,0
5455,0
5456,0
5457,0
5458,0
5459,0
5460,1
5461,0
5462,0
5463,0
5464,0
5465,0
5466,0
5467,0
5468,0
5469,0
5470,0
5471,0
5472,0
5473,1
5474,1
5475,0
5476,0
5477,0
5478,0
5479,0
5480,0
5481,0
5482,0
5483,0
5484,0
5485,0
5486,0
5487,0
5488,0
5489,0
5490,0
5491,0
5492,0
5493,0
5494,0
5495,0
5496,0
5497,0
5498,0
5499,0
5500,0
5501,1
5502,0
5503,0
5504,0
5505,1
5506,0
5507,0
5508,0
5509,0
5510,0
5511,0
5512,0
5513,0
5514,0
5515,0
5516,0
5517,0
5518,0
5519,0
5520,0
5521,0
5522,0
5523,0
5524,0
5525,0
5526,0
5527,1
5528,0
5529,0
5530,0
5531,0
5532,0
5533,0
5534,0
5535,0
5536,0
5537,0
5538,0
5539,0
5540,0
5541,0
5542,0
5543,0
5544,0
5545,0
5546,0
5547,0
5548,1
5549,0
5550,0
5551,0
5552,0
5553,0
5554,0
5555,0
5556,0
5557,2
5558,0
5559,0
5560,0
5561,0
5562,0
5563,132
5564,0
5565,0
5566,0
5567,0
5568,0
5569,0
5570,0
5571,0
5572,0
5573,0
5574,0
5575,0
5576,0
5577,0
5578,0
5579,0
5580,0
5581,0
5582,0
5583,0
5584,0
5585,0
5586,1
5587,0
5588,0
5589,0
5590,0
5591,0
5592,0
5593,0
5594,1
5595,0
5596,0
5597,0
5598,0
5599,0
5600,0
5601,0
5602,0
5603,0
5604,0
5605,0
5606,0
5607,0
5608,0
5609,0
5610,0
5611,0
5612,0
5613,0
5614,0
5615,0
5616,0
5617,0
5618,0
5619,0
5620,1
5621,0
5622,0
5623,0
5624,1
5625,0
5626,0
5627,0
5628,0
5629,2
5630,0
5631,1
5632,0
5633,0
5634,0
5635,1
5636,0
5637,0
5638,0
5639,0
5640,0
5641,0
5642,0
5643,0
5644,0
5645,0
5646,0
5647,3
5648,0
5649,0
5650,0
5651,0
5652,0
5653,0
5654,0
5655,0
5656,0
5657,0
5658,0
5659,1
5660,142
5661,0
5662,0
5663,0
5664,0
5665,0
5666,0
5667,0
5668,0
5669,0
5670,0
5671,0
5672,0
5673,0
5674,0
5675,0
5676,0
5677,0
5678,0
5679,0
5680,0
5681,0
5682,0
5683,0
5684,0
5685,0
5686,0
5687,0
5688,0
5689,0
5690,0
5691,0
5692,0
5693,0
5694,0
5695,0
5696,0
5697,0
5698,0
5699,0
5700,2
5701,0
5702,0
5703,0
5704,2
5705,0
5706,0
5707,0
5708,0
5709,0
5710,0
5711,0
5712,2
5713,0
5714,0
5715,0
5716,0
5717,0
5718,0
5719,0
5720,0
5721,0
5722,0
5723,0
5724,0
5725,0
5726,0
5727,0
5728,0
5729,0
5730,0
5731,0
5732,0
5733,0
5734,0
5735,0
5736,3
5737,0
5738,0
5739,0
5740,0
5741,0
5742,0
5743,0
5744,0
5745,0
5746,0
5747,0
5748,0
5749,0
5750,0
5751,0
5752,0
5753,1
5754,0
5755,0
5756,0
5757,0
5758,0
5759,0
5760,0
5761,0
5762,0
5763,0
5764,0
5765,0
5766,5
5767,0
5768,0
5769,0
5770,0
5771,0
5772,5
5773,0
5774,0
5775,0
5776,0
5777,0
5778,0
5779,0
5780,0
5781,0
5782,0
5783,0
5784,2
5785,0
5786,0
5787,0
5788,0
5789,0
5790,0
5791,0
5792,0
5793,0
5794,0
5795,0
5796,0
5797,0
5798,5
5799,1
5800,0
5801,0
5802,0
5803,0
5804,0
5805,0
5806,0
5807,0
5808,0
5809,0
5810,0
5811,0
5812,0
5813,2
5814,0
5815,0
5816,0
5817,0
5818,0
5819,0
5820,0
5821,0
5822,0
5823,0
5824,0
5825,0
5826,0
5827,0
5828,0
5829,0
5830,0
5831,0
5832,0
5833,0
5834,0
5835,0
5836,0
5837,0
5838,0
5839,0
5840,0
5841,0
5842,0
5843,0
5844,0
5845,0
5846,0
5847,0
5848,0
5849,0
5850,0
5851,0
5852,0
5853,0
5854,0
5855,0
5856,0
5857,0
5858,0
5859,0
5860,0
5861,0
5862,0
5863,0
5864,0
5865,0
5866,0
5867,0
5868,0
5869,0
5870,10
5871,0
5872,1
5873,0
5874,0
5875,0
5876,0
5877,1
5878,0
5879,0
5880,0
5881,0
5882,0
5883,1
5884,0
5885,0
5886,0
5887,0
5888,0
5889,1
5890,0
5891,0
5892,0
5893,0
5894,0
5895,0
5896,0
5897,0
5898,0
5899,0
5900,0
5901,0
5902,0
5903,0
5904,0
5905,1
5906,0
5907,3
5908,2
5909,1
5910,0
5911,0
5912,0
5913,0
5914,0
5915,0
5916,1
5917,0
5918,0
5919,0
5920,0
5921,0
5922,0
5923,0
5924,0
5925,0
5926,1
5927,11
5928,0
5929,0
5930,0
5931,1
5932,0
5933,0
5934,0
5935,0
5936,0
5937,0
5938,0
5939,0
5940,0
5941,0
5942,0
5943,0
5944,0
5945,0
5946,0
5947,0
5948,0
5949,0
5950,1
5951,0
5952,0
5953,0
5954,0
5955,0
5956,1
5957,0
5958,0
5959,0
5960,0
5961,0
5962,0
5963,0
5964,0
5965,0
5966,0
5967,0
5968,0
5969,0
5970,0
5971,0
5972,0
5973,0
5974,0
5975,0
5976,1
5977,0
5978,3
5979,0
5980,0
5981,0
5982,1
5983,0
5984,0
5985,0
5986,0
5987,0
5988,0
5989,0
5990,0
5991,1
5992,0
5993,0
5994,0
5995,0
5996,0
5997,0
5998,0
5999,0
6000,0
6001,0
6002,0
6003,0
6004,0
6005,0
6006,0
6007,0
6008,0
6009,0
6010,0
6011,0
6012,0
6013,0
6014,0
6015,0
6016,0
6017,0
6018,0
6019,0
6020,0
6021,0
6022,0
6023,0
6024,0
6025,0
6026,0
6027,0
6028,0
6029,0
6030,0
6031,0
6032,0
6033,0
6034,0
6035,0
6036,0
6037,0
6038,0
6039,0
6040,0
6041,0
6042,0
6043,0
6044,0
6045,0
6046,0
6047,0
6048,0
6049,0
6050,0
6051,0
6052,0
6053,0
6054,0
6055,0
6056,0
6057,0
6058,0
6059,0
6060,0
6061,0
6062,0
6063,0
6064,0
6065,0
6066,0
6067,0
6068,0
6069,1
6070,0
6071,1
6072,7
6073,0
6074,0
6075,0
6076,0
6077,0
6078,0
6079,0
6080,0
6081,0
6082,0
6083,0
6084,0
6085,0
6086,0
6087,0
6088,0
6089,0
6090,0
6091,5
6092,0
6093,0
6094,0
6095,0
6096,0
6097,0
6098,0
6099,0
6100,0
6101,1
6102,0
6103,0
6104,0
6105,0
6106,0
6107,0
6108,2
6109,0
6110,4
6111,0
6112,0
6113,0
6114,0
6115,4
6116,0
6117,0
6118,0
6119,0
6120,0
6121,0
6122,0
6123,1
6124,0
6125,0
6126,0
6127,0
6128,0
6129,0
6130,0
6131,0
6132,0
6133,0
6134,0
6135,0
6136,0
6137,0
6138,0
6139,1
6140,0
6141,1
6142,0
6143,0
6144,0
6145,0
6146,0
6147,0
6148,0
6149,0
6150,0
6151,1
6152,0
6153,0
6154,0
6155,0
6156,0
6157,0
6158,0
6159,5
6160,0
6161,0
6162,0
6163,0
6164,0
6165,0
6166,0
6167,0
6168,0
6169,1
6170,0
6171,0
6172,0
6173,0
6174,0
6175,1
6176,0
6177,0
6178,0
6179,0
6180,0
6181,0
6182,0
6183,0
6184,0
6185,0
6186,0
6187,0
6188,0
6189,0
6190,0
6191,5
6192,0
6193,21
6194,0
6195,0
6196,0
6197,0
6198,0
6199,0
6200,0
6201,0
6202,0
6203,0
6204,0
6205,0
6206,0
6207,0
6208,0
6209,0
6210,0
6211,0
6212,0
6213,0
6214,0
6215,0
6216,0
6217,0
6218,0
6219,0
6220,0
6221,0
6222,0
6223,0
6224,1
6225,0
6226,0
6227,0
6228,0
6229,0
6230,0
6231,0
6232,0
6233,0
6234,0
6235,0
6236,0
6237,0
6238,0
6239,0
6240,1
6241,0
6242,0
6243,1
6244,0
6245,1
6246,0
6247,0
6248,0
6249,1
6250,0
6251,0
6252,0
6253,0
6254,0
6255,0
6256,0
6257,0
6258,0
6259,0
6260,0
6261,0
6262,0
6263,0
6264,0
6265,4
6266,0
6267,0
6268,0
6269,0
6270,0
6271,0
6272,3
6273,0
6274,0
6275,0
6276,0
6277,0
6278,0
6279,1
6280,0
6281,0
6282,1
6283,0
6284,0
6285,0
6286,0
6287,0
6288,0
6289,0
6290,3
6291,0
6292,0
6293,0
6294,0
6295,0
6296,0
6297,0
6298,0
6299,0
6300,0
6301,0
6302,0
6303,0
6304,0
6305,0
6306,0
6307,0
6308,0
6309,1
6310,0
6311,4
6312,0
6313,0
6314,0
6315,0
6316,12
6317,0
6318,0
6319,0
6320,0
6321,0
6322,12
6323,1
6324,0
6325,0
6326,0
6327,0
6328,0
6329,0
6330,0
6331,0
6332,0
6333,0
6334,6
6335,0
6336,0
6337,0
6338,0
6339,0
6340,0
6341,0
6342,0
6343,0
6344,0
6345,0
6346,0
6347,0
6348,0
6349,0
6350,0
6351,0
6352,0
6353,0
6354,0
6355,0
6356,0
6357,0
6358,0
6359,0
6360,0
6361,1
6362,0
6363,0
6364,0
6365,0
6366,0
6367,0
6368,0
6369,0
6370,1
6371,0
6372,0
6373,0
6374,0
6375,0
6376,0
6377,1
6378,0
6379,0
6380,0
6381,0
6382,0
6383,0
6384,0
6385,0
6386,0
6387,0
6388,0
6389,0
6390,0
6391,2
6392,0
6393,0
6394,0
6395,0
6396,0
6397,0
6398,0
6399,0
6400,0
6401,0
6402,0
6403,0
6404,0
6405,0
6406,0
6407,0
6408,0
6409,0
6410,0
6411,0
6412,0
6413,0
6414,0
6415,0
6416,1
6417,0
6418,0
6419,0
6420,0
6421,0
6422,0
6423,0
6424,0
6425,0
6426,0
6427,0
6428,0
6429,0
6430,0
6431,0
6432,0
6433,0
6434,38
6435,0
6436,17
6437,0
6438,0
6439,1
6440,1
6441,1
6442,1
6443,0
6444,30
6445,0
6446,21
6447,0
6448,0
6449,1
6450,2
6451,0
6452,12
6453,1
6454,4
6455,0
6456,0
