-- Flyway V12: Seed design review data
-- Source: files under src/main/resources/mock/design_review
BEGIN;

-- Ensure state dimension is populated (mirrors V6 logic)
INSERT INTO state (state_id, name)
SELECT g.state_id, g.name
FROM us_state_geometry g
ON CONFLICT (state_id) DO NOTHING;

INSERT INTO mail_and_dropbox_by_state (state_id, total_mail_ballot, dropbox_votes, total_votes_cast)
VALUES
    ('01', 0, 0, 2272911),
    ('02', 5, 0, 340981),
    ('04', 544, 411280, 3477975),
    ('05', 0, 0, 1122278),
    ('06', 2854, 6200937, 16164330),
    ('08', 434, 317337, 3240754),
    ('09', 201, 0, 1820891),
    ('10', 0, 0, 514367),
    ('11', 55, 96610, 328871),
    ('12', 542, 745254, 10999125),
    ('13', 196, 0, 5297500),
    ('15', 62, 190545, 522236),
    ('16', 41, 0, 917469),
    ('17', 510, 156532, 5717147),
    ('18', 0, 0, 2986839),
    ('19', 0, 0, 1674011),
    ('20', 154, 59925, 1342102),
    ('21', 186, 49258, 2086090),
    ('22', 0, 0, 2021588),
    ('23', 359, 0, 842447),
    ('24', 286, 363317, 3028813),
    ('25', 874, 0, 3512930),
    ('26', 1711, 0, 5706503),
    ('27', 53, 0, 3271069),
    ('28', 0, 0, 1225176),
    ('29', 0, 0, 3126837),
    ('30', 0, 0, 612423),
    ('31', 121, 216022, 965145),
    ('32', 342, 299601, 1486297),
    ('33', 0, 0, 829090),
    ('34', 448, 398300, 4321921),
    ('35', 62, 6533, 927923),
    ('36', 0, 0, 8389626),
    ('37', 0, 0, 5756106),
    ('38', 63, 0, 371974),
    ('39', 90, 181688, 5851625),
    ('40', 0, 0, 1573274),
    ('41', 318, 1484470, 2269608),
    ('42', 175, 0, 7074875),
    ('44', 459, 21374, 522164),
    ('45', 0, 0, 2566404),
    ('46', 0, 0, 435739),
    ('47', 0, 0, 3090161),
    ('48', 0, 0, 11488820),
    ('49', 308, 1018405, 1466896),
    ('50', 158, 0, 361604),
    ('51', 2764, 94192, 4511853),
    ('53', 575, 2616566, 3949810),
    ('54', 0, 0, 769206),
    ('55', 0, 0, 3434185),
    ('56', 8, 4968, 271123)
ON CONFLICT (state_id) DO UPDATE
SET total_mail_ballot = EXCLUDED.total_mail_ballot,
    dropbox_votes = EXCLUDED.dropbox_votes,
    total_votes_cast = EXCLUDED.total_votes_cast;

-- eavs_early_voting_by_state.csv -> early_vote_by_state
INSERT INTO early_vote_by_state (
    state_id,
    total_voters,
    absentee_uocava,
    mail_votes,
    in_person_early_voting,
    mail_votes_in_vbm_jurisdiction,
    drop_box
)
VALUES
    ('01', 2272911, 0, 126055, 0, 0, 0),
    ('02', 340981, 9629, 48744, 92281, 0, 0),
    ('04', 3477975, 18449, 2597974, 349129, 0, 0),
    ('05', 1122278, 898, 23843, 810714, 0, 0),
    ('06', 16164330, 83937, 0, 878489, 13062318, 0),
    ('08', 3240754, 32234, 0, 109209, 2957550, 0),
    ('09', 1820891, 0, 118362, 715275, 0, 0),
    ('10', 514367, 1681, 33659, 210295, 0, 0),
    ('11', 328871, 5357, 0, 72914, 168111, 0),
    ('12', 10999125, 85692, 2945893, 5364821, 0, 0),
    ('13', 5297500, 17511, 268751, 3768395, 0, 0),
    ('15', 522236, 0, 0, 39158, 483078, 0),
    ('16', 917469, 2985, 177211, 225973, 2566, 0),
    ('17', 5717147, 18487, 1016208, 2001203, 0, 0),
    ('18', 2986839, 7629, 1603815, 1397345, 0, 0),
    ('19', 1674011, 0, 0, 0, 0, 0),
    ('20', 1342102, 5160, 147276, 557906, 0, 0),
    ('21', 2086090, 3078, 116324, 687057, 0, 0),
    ('22', 2021588, 4130, 119694, 849784, 0, 0),
    ('23', 842447, 6589, 215242, 157116, 0, 0),
    ('24', 3028813, 18727, 744244, 974945, 0, 0),
    ('25', 3512930, 24605, 1173112, 600225, 0, 0),
    ('26', 5706503, 21128, 2017704, 1214409, 0, 0),
    ('27', 3271069, 13428, 328830, 850705, 117746, 0),
    ('28', 1225176, 0, 0, 0, 0, 0),
    ('29', 3126837, 7604, 178526, 867936, 0, 0),
    ('30', 612423, 0, 0, 0, 0, 0),
    ('31', 965145, 2395, 260899, 80304, 46236, 0),
    ('32', 1486297, 11163, 0, 543461, 656140, 0),
    ('33', 829090, 5872, 92945, 0, 0, 0),
    ('34', 4321921, 22195, 828200, 0, 0, 0),
    ('35', 927923, 5775, 111167, 556395, 360, 0),
    ('36', 8389626, 50880, 836987, 2986704, 0, 0),
    ('37', 5756106, 32034, 298269, 4224909, 0, 0),
    ('38', 371974, 1540, 89429, 99007, 0, 0),
    ('39', 5851625, 17184, 1060096, 1536604, 140, 0),
    ('40', 1573274, 4215, 98548, 294037, 0, 0),
    ('41', 2269608, 16442, 0, 0, 2253114, 0),
    ('42', 7074875, 27854, 1933707, 0, 0, 0),
    ('44', 522164, 3409, 51995, 173547, 0, 0),
    ('45', 2566404, 8921, 98782, 1476843, 0, 0),
    ('46', 435739, 2542, 159335, 0, 0, 0),
    ('47', 3090161, 11092, 86904, 2132535, 0, 0),
    ('48', 11488820, 51704, 384221, 8703181, 0, 0),
    ('49', 1466896, 6116, 0, 36381, 1341595, 0),
    ('50', 361604, 2549, 234038, 2631, 0, 0),
    ('51', 4511853, 31987, 474332, 1840239, 0, 0),
    ('53', 3949810, 58682, 0, 171, 3890945, 0),
    ('54', 769206, 1618, 22377, 310305, 0, 0),
    ('55', 3434185, 12617, 570657, 977648, 0, 0),
    ('56', 271123, 1321, 38217, 76943, 0, 0)
ON CONFLICT (state_id) DO UPDATE
SET total_voters = EXCLUDED.total_voters,
    absentee_uocava = EXCLUDED.absentee_uocava,
    mail_votes = EXCLUDED.mail_votes,
    in_person_early_voting = EXCLUDED.in_person_early_voting,
    mail_votes_in_vbm_jurisdiction = EXCLUDED.mail_votes_in_vbm_jurisdiction,
    drop_box = EXCLUDED.drop_box;

-- eavs_state_equipment_totals.csv -> state_equipment_total
INSERT INTO state_equipment_total (
    state_id,
    dre_no_vvpat,
    dre_with_vvpat,
    ballot_marking_device,
    scanner
)
VALUES
    ('01', 0, 0, 0, 0),
    ('02', 0, 145, 275, 298),
    ('04', 0, 18, 1181, 607),
    ('05', 77, 691, 4344, 1200),
    ('06', 0, 0, 22157, 1513),
    ('08', 0, 0, 1545, 182),
    ('09', 0, 0, 718, 1436),
    ('10', 0, 1353, 0, 10),
    ('11', 0, 0, 337, 103),
    ('12', 0, 0, 5177, 8705),
    ('13', 0, 0, 19441, 2773),
    ('15', 0, 0, 62, 46),
    ('16', 0, 0, 1238, 724),
    ('17', 0, 46, 10881, 7984),
    ('18', 0, 7854, 5266, 1374),
    ('19', 0, 0, 0, 0),
    ('20', 0, 0, 5182, 3237),
    ('21', 0, 0, 2808, 3095),
    ('22', 9535, 0, 0, 77),
    ('23', 0, 0, 516, 600),
    ('24', 0, 0, 6104, 0),
    ('25', 0, 0, 1671, 2966),
    ('26', 0, 0, 4340, 0),
    ('27', 0, 0, 2963, 2976),
    ('28', 0, 0, 0, 0),
    ('29', 0, 0, 2289, 2641),
    ('30', 0, 0, 367, 141),
    ('31', 0, 0, 1284, 159),
    ('32', 0, 6428, 121, 48),
    ('33', 0, 0, 307, 289),
    ('34', 0, 0, 11161, 65),
    ('35', 0, 0, 0, 1575),
    ('36', 0, 0, 5382, 10793),
    ('37', 0, 0, 6192, 3583),
    ('38', 0, 0, 429, 510),
    ('39', 0, 5865, 13440, 5459),
    ('40', 0, 0, 0, 2071),
    ('41', 0, 0, 0, 0),
    ('42', 0, 0, 13044, 11035),
    ('44', 0, 0, 495, 707),
    ('45', 0, 0, 15659, 3146),
    ('46', 0, 0, 437, 71),
    ('47', 0, 2930, 4632, 1697),
    ('48', 1030, 0, 46027, 8465),
    ('49', 0, 667, 169, 97),
    ('50', 0, 260, 262, 0),
    ('51', 0, 0, 3066, 3791),
    ('53', 0, 0, 94, 85),
    ('54', 0, 0, 5872, 1679),
    ('55', 0, 0, 0, 0),
    ('56', 0, 0, 510, 394)
ON CONFLICT (state_id) DO UPDATE
SET dre_no_vvpat = EXCLUDED.dre_no_vvpat,
    dre_with_vvpat = EXCLUDED.dre_with_vvpat,
    ballot_marking_device = EXCLUDED.ballot_marking_device,
    scanner = EXCLUDED.scanner;

-- eavs_voter_turnout_by_state.csv -> vote_turnout_by_state
INSERT INTO vote_turnout_by_state (
    state_id,
    total_registered_voter,
    total_votes_cast,
    turn_out_rate
)
VALUES
    ('01', 3868040, 2272911, 2272911::double precision / NULLIF(3868040, 0)),
    ('02', 611078, 340981, 340981::double precision / NULLIF(611078, 0)),
    ('04', 5075337, 3477975, 3477975::double precision / NULLIF(5075337, 0)),
    ('05', 1835723, 1122278, 1122278::double precision / NULLIF(1835723, 0)),
    ('06', 25720597, 16164330, 16164330::double precision / NULLIF(25720597, 0)),
    ('08', 4583280, 3240754, 3240754::double precision / NULLIF(4583280, 0)),
    ('09', 2520650, 1820891, 1820891::double precision / NULLIF(2520650, 0)),
    ('10', 788441, 514367, 514367::double precision / NULLIF(788441, 0)),
    ('11', 612904, 328871, 328871::double precision / NULLIF(612904, 0)),
    ('12', 15740083, 10999125, 10999125::double precision / NULLIF(15740083, 0)),
    ('13', 8234335, 5297500, 5297500::double precision / NULLIF(8234335, 0)),
    ('15', 861333, 522236, 522236::double precision / NULLIF(861333, 0)),
    ('16', 1178750, 917469, 917469::double precision / NULLIF(1178750, 0)),
    ('17', 8970541, 5717147, 5717147::double precision / NULLIF(8970541, 0)),
    ('18', 4840856, 2986839, 2986839::double precision / NULLIF(4840856, 0)),
    ('19', 2256774, 1674011, 1674011::double precision / NULLIF(2256774, 0)),
    ('20', 2031119, 1342102, 1342102::double precision / NULLIF(2031119, 0)),
    ('21', 3548136, 2086090, 2086090::double precision / NULLIF(3548136, 0)),
    ('22', 3046376, 2021588, 2021588::double precision / NULLIF(3046376, 0)),
    ('23', 1223468, 842447, 842447::double precision / NULLIF(1223468, 0)),
    ('24', 4555217, 3028813, 3028813::double precision / NULLIF(4555217, 0)),
    ('25', 5142343, 3512930, 3512930::double precision / NULLIF(5142343, 0)),
    ('26', 8440236, 5706503, 5706503::double precision / NULLIF(8440236, 0)),
    ('27', 3853668, 3271069, 3271069::double precision / NULLIF(3853668, 0)),
    ('28', 2131726, 1225176, 1225176::double precision / NULLIF(2131726, 0)),
    ('29', 4388787, 3126837, 3126837::double precision / NULLIF(4388787, 0)),
    ('30', 800573, 612423, 612423::double precision / NULLIF(800573, 0)),
    ('31', 1263487, 965145, 965145::double precision / NULLIF(1263487, 0)),
    ('32', 2256275, 1486297, 1486297::double precision / NULLIF(2256275, 0)),
    ('33', 1008952, 829090, 829090::double precision / NULLIF(1008952, 0)),
    ('34', 6630364, 4321921, 4321921::double precision / NULLIF(6630364, 0)),
    ('35', 1415984, 927923, 927923::double precision / NULLIF(1415984, 0)),
    ('36', 13579416, 8389626, 8389626::double precision / NULLIF(13579416, 0)),
    ('37', 7854464, 5756106, 5756106::double precision / NULLIF(7854464, 0)),
    ('38', 0, 371974, 371974::double precision / NULLIF(0, 0)),
    ('39', 8074098, 5851625, 5851625::double precision / NULLIF(8074098, 0)),
    ('40', 2442211, 1573274, 1573274::double precision / NULLIF(2442211, 0)),
    ('41', 3060374, 2269608, 2269608::double precision / NULLIF(3060374, 0)),
    ('42', 9175133, 7074875, 7074875::double precision / NULLIF(9175133, 0)),
    ('44', 792075, 522164, 522164::double precision / NULLIF(792075, 0)),
    ('45', 3851187, 2566404, 2566404::double precision / NULLIF(3851187, 0)),
    ('46', 690306, 435739, 435739::double precision / NULLIF(690306, 0)),
    ('47', 4825601, 3090161, 3090161::double precision / NULLIF(4825601, 0)),
    ('48', 18623931, 11488820, 11488820::double precision / NULLIF(18623931, 0)),
    ('49', 2039862, 1466896, 1466896::double precision / NULLIF(2039862, 0)),
    ('50', 500986, 361604, 361604::double precision / NULLIF(500986, 0)),
    ('51', 6380686, 4511853, 4511853::double precision / NULLIF(6380686, 0)),
    ('53', 5597156, 3949810, 3949810::double precision / NULLIF(5597156, 0)),
    ('54', 1210415, 769206, 769206::double precision / NULLIF(1210415, 0)),
    ('55', 3933068, 3434185, 3434185::double precision / NULLIF(3933068, 0)),
    ('56', 296960, 271123, 271123::double precision / NULLIF(296960, 0))
ON CONFLICT (state_id) DO UPDATE
SET total_registered_voter = EXCLUDED.total_registered_voter,
    total_votes_cast = EXCLUDED.total_votes_cast,
    turn_out_rate = EXCLUDED.turn_out_rate;

-- Provisional_Category_By_State.csv -> provisional_by_state
INSERT INTO provisional_by_state (
    state_id,
    voter_not_on_list,
    voter_lacked_id,
    election_official_challenged_eligibility,
    another_person_challenged_eligibility,
    voter_not_resident,
    voter_registration_not_updated,
    voter_did_not_surrender_mail_ballot,
    judge_extended_voting_hours,
    voter_used_sdr,
    other_reason
) VALUES
    ('01', 316, 20, 0, 0, 3686, 1, 0, 0, 0, 0),
    ('02', 0, 0, 0, 0, 0, 0, 0, 0, 0, 0),
    ('04', 26692, 5854, 263, 26, 882, 4412, 949, 0, 481, 4283),
    ('05', 5451, 653, 136, 7, 119, 111, 239, 0, 197, 391),
    ('06', 217113, 50, 240, 0, 17572, 72757, 5758, 0, 0, 10597),
    ('08', 0, 0, 0, 0, 0, 0, 0, 0, 0, 444),
    ('09', 0, 0, 0, 0, 0, 0, 0, 0, 0, 0),
    ('10', 204, 0, 0, 0, 0, 0, 0, 0, 0, 0),
    ('11', 93, 756, 36, 0, 0, 0, 109, 0, 21, 0),
    ('12', 12164, 3240, 2324, 6, 672, 48, 29, 0, 0, 3498),
    ('13', 4220, 330, 0, 0, 2957, 0, 0, 27, 0, 415),
    ('15', 0, 0, 0, 0, 0, 0, 0, 0, 0, 0),
    ('16', 0, 0, 0, 0, 0, 0, 0, 0, 0, 0),
    ('17', 1323, 10, 283, 0, 2267, 2450, 4046, 0, 0, 1905),
    ('18', 0, 0, 0, 0, 0, 0, 0, 0, 0, 0),
    ('19', 0, 0, 0, 0, 0, 0, 0, 0, 0, 0),
    ('20', 14639, 868, 0, 0, 16600, 1715, 3922, 0, 0, 3580),
    ('21', 161, 8, 4, 0, 6, 8, 8, 0, 1, 14),
    ('22', 0, 0, 0, 0, 0, 0, 0, 0, 0, 0),
    ('23', 0, 0, 0, 0, 0, 0, 0, 0, 0, 0),
    ('24', 64028, 1494, 0, 4, 0, 12055, 50325, 50, 20814, 1232),
    ('25', 515, 0, 0, 0, 0, 2845, 0, 0, 0, 1745),
    ('26', 140, 0, 0, 0, 0, 0, 0, 0, 0, 0),
    ('27', 0, 0, 0, 0, 0, 0, 0, 0, 0, 0),
    ('28', 6428, 365, 0, 0, 3709, 721, 0, 0, 0, 1864),
    ('29', 4013, 4541, 0, 0, 0, 0, 0, 0, 0, 0),
    ('30', 536, 34, 0, 0, 0, 0, 0, 0, 1320, 8746),
    ('31', 3245, 349, 31, 0, 9454, 1775, 1016, 0, 0, 0),
    ('32', 831, 2544, 0, 0, 0, 283, 0, 0, 27143, 12),
    ('33', 0, 0, 0, 0, 0, 0, 0, 0, 0, 0),
    ('34', 0, 0, 0, 0, 0, 0, 0, 0, 0, 0),
    ('35', 0, 0, 0, 0, 0, 0, 0, 0, 0, 0),
    ('36', 37236, 1135, 0, 0, 5862, 0, 20763, 0, 0, 0),
    ('37', 37979, 6892, 0, 0, 6260, 7191, 0, 5, 0, 6903),
    ('38', 0, 0, 0, 0, 0, 0, 0, 0, 0, 0),
    ('39', 38020, 7691, 695, 1, 5660, 55497, 13280, 0, 73, 17450),
    ('40', 2842, 1287, 0, 0, 0, 0, 0, 0, 0, 105),
    ('41', 180, 0, 0, 0, 0, 0, 0, 0, 0, 0),
    ('42', 47002, 809, 0, 530, 0, 0, 48566, 384, 0, 741),
    ('44', 4684, 317, 37, 0, 0, 0, 261, 0, 0, 9),
    ('45', 650, 255, 1703, 0, 570, 1536, 0, 0, 0, 1857),
    ('46', 229, 0, 7, 0, 19, 17, 0, 0, 0, 109),
    ('47', 10393, 593, 181, 0, 653, 0, 895, 0, 0, 0),
    ('48', 48611, 878, 32, 0, 1625, 1044, 8429, 0, 740, 5452),
    ('49', 12100, 346, 45, 0, 495, 764, 0, 0, 11329, 3550),
    ('50', 0, 0, 0, 0, 0, 0, 0, 0, 0, 0),
    ('51', 5955, 80, 0, 0, 0, 0, 6730, 11, 103062, 3411),
    ('53', 0, 0, 0, 0, 0, 0, 0, 0, 0, 0),
    ('54', 3330, 94, 114, 0, 1300, 1501, 71, 0, 11, 1361),
    ('55', 0, 521, 0, 0, 0, 0, 0, 0, 0, 140),
    ('56', 0, 45, 0, 0, 8, 0, 0, 0, 0, 77)
ON CONFLICT (state_id) DO UPDATE
SET voter_not_on_list = EXCLUDED.voter_not_on_list,
    voter_lacked_id = EXCLUDED.voter_lacked_id,
    election_official_challenged_eligibility = EXCLUDED.election_official_challenged_eligibility,
    another_person_challenged_eligibility = EXCLUDED.another_person_challenged_eligibility,
    voter_not_resident = EXCLUDED.voter_not_resident,
    voter_registration_not_updated = EXCLUDED.voter_registration_not_updated,
    voter_did_not_surrender_mail_ballot = EXCLUDED.voter_did_not_surrender_mail_ballot,
    judge_extended_voting_hours = EXCLUDED.judge_extended_voting_hours,
    voter_used_sdr = EXCLUDED.voter_used_sdr,
    other_reason = EXCLUDED.other_reason;

-- eavs_state_equipment_totals_all_years.csv -> state_equipment_history
INSERT INTO state_equipment_history (
    state_id,
    equipment_count_2016,
    equipment_count_2020,
    equipment_count_2024
) VALUES
    ('01', 0, 4864, 0),
    ('02', 448, 758, 718),
    ('04', 9040, 1539, 1806),
    ('05', 4550, 4480, 6312),
    ('06', 42281, 33163, 23670),
    ('08', 1286, 1851, 1727),
    ('09', 744, 2154, 2154),
    ('10', 1376, 1057, 1363),
    ('11', 0, 694, 440),
    ('12', 65074, 14015, 13882),
    ('13', 27886, 30824, 22214),
    ('15', 342, 292, 108),
    ('16', 808, 1506, 1962),
    ('17', 0, 20043, 18911),
    ('18', 18846, 14868, 14494),
    ('19', 0, 2874, 0),
    ('20', 5544, 5871, 8419),
    ('21', 8563, 4246, 5903),
    ('22', 8829, 9828, 9612),
    ('23', 5636, 1085, 1116),
    ('24', 0, 3651, 6104),
    ('25', 1664, 4386, 4637),
    ('26', 3447, 8103, 4340),
    ('27', 35405, 5710, 5939),
    ('28', 7479, 7048, 0),
    ('29', 23808, 5346, 4930),
    ('30', 4226, 248, 508),
    ('31', 1109, 1422, 1443),
    ('32', 6586, 5765, 6597),
    ('33', 9342, 650, 596),
    ('34', 11368, 2207, 11226),
    ('35', 0, 1461, 1575),
    ('36', 4958, 18792, 16175),
    ('37', 9261, 9468, 9775),
    ('38', 0, 524, 939),
    ('39', 0, 25164, 24764),
    ('40', 19564, 2263, 2071),
    ('41', 0, 0, 0),
    ('42', 24424, 24413, 24079),
    ('44', 4049, 612, 1202),
    ('45', 11686, 16873, 18805),
    ('46', 0, 630, 508),
    ('47', 10417, 9199, 9259),
    ('48', 45667, 42151, 55522),
    ('49', 0, 41, 933),
    ('50', 0, 530, 522),
    ('51', 1422, 4042, 6857),
    ('53', 70, 186, 179),
    ('54', 4951, 5401, 7551),
    ('55', 0, 0, 0),
    ('56', 665, 863, 904)
ON CONFLICT (state_id) DO UPDATE
SET equipment_count_2016 = EXCLUDED.equipment_count_2016,
    equipment_count_2020 = EXCLUDED.equipment_count_2020,
    equipment_count_2024 = EXCLUDED.equipment_count_2024;

COMMIT;

